CREATE DATABASE  IF NOT EXISTS `senabank` /*!40100 DEFAULT CHARACTER SET utf8mb4 COLLATE utf8mb4_0900_ai_ci */ /*!80016 DEFAULT ENCRYPTION='N' */;
USE `senabank`;
-- MySQL dump 10.13  Distrib 8.0.29, for Win64 (x86_64)
--
-- Host: localhost    Database: senabank
-- ------------------------------------------------------
-- Server version	8.0.29

/*!40101 SET @OLD_CHARACTER_SET_CLIENT=@@CHARACTER_SET_CLIENT */;
/*!40101 SET @OLD_CHARACTER_SET_RESULTS=@@CHARACTER_SET_RESULTS */;
/*!40101 SET @OLD_COLLATION_CONNECTION=@@COLLATION_CONNECTION */;
/*!50503 SET NAMES utf8 */;
/*!40103 SET @OLD_TIME_ZONE=@@TIME_ZONE */;
/*!40103 SET TIME_ZONE='+00:00' */;
/*!40014 SET @OLD_UNIQUE_CHECKS=@@UNIQUE_CHECKS, UNIQUE_CHECKS=0 */;
/*!40014 SET @OLD_FOREIGN_KEY_CHECKS=@@FOREIGN_KEY_CHECKS, FOREIGN_KEY_CHECKS=0 */;
/*!40101 SET @OLD_SQL_MODE=@@SQL_MODE, SQL_MODE='NO_AUTO_VALUE_ON_ZERO' */;
/*!40111 SET @OLD_SQL_NOTES=@@SQL_NOTES, SQL_NOTES=0 */;

--
-- Table structure for table `agencias`
--

DROP TABLE IF EXISTS `agencias`;
/*!40101 SET @saved_cs_client     = @@character_set_client */;
/*!50503 SET character_set_client = utf8mb4 */;
CREATE TABLE `agencias` (
  `id_Agencia` int NOT NULL AUTO_INCREMENT,
  `Local` varchar(50) NOT NULL,
  `Endereco` varchar(50) NOT NULL,
  `Data_Criacao` datetime NOT NULL DEFAULT CURRENT_TIMESTAMP,
  PRIMARY KEY (`id_Agencia`)
) ENGINE=InnoDB AUTO_INCREMENT=11 DEFAULT CHARSET=utf8mb4 COLLATE=utf8mb4_0900_ai_ci;
/*!40101 SET character_set_client = @saved_cs_client */;

--
-- Dumping data for table `agencias`
--

LOCK TABLES `agencias` WRITE;
/*!40000 ALTER TABLE `agencias` DISABLE KEYS */;
INSERT INTO `agencias` VALUES (1,'Agência Planaltina','Av. Planaltina, Planaltina','2024-10-21 21:03:09'),(2,'Agência Asa Sul','SHLS 303 Bloco B, 10','2024-10-21 21:16:36'),(3,'Agência Asa Norte','SQWN 107 Bloco A, 50','2024-10-21 21:16:36'),(4,'Agência Taguatinga','Porteira, Taguatinga Centro','2024-10-21 21:16:36'),(5,'Agência Plano Piloto','SCS Quadra 3 Bloco B','2024-10-21 21:16:36'),(6,'Agência Gama','Av. Sucupira, Gama','2024-10-21 21:16:36'),(7,'Agência Ceilândia','QNP 13 Conjunto H, Ceilândia','2024-10-21 21:16:36'),(8,'Agência Samambaia','QNM 28, Samambaia','2024-10-21 21:16:36'),(9,'Agência Brazlândia','SPLN 1, Brazlândia','2024-10-21 21:16:36'),(10,'Agência Jardim Botânico','QS 1, Jardim Botânico','2024-10-21 21:16:36');
/*!40000 ALTER TABLE `agencias` ENABLE KEYS */;
UNLOCK TABLES;

--
-- Table structure for table `cargos`
--

DROP TABLE IF EXISTS `cargos`;
/*!40101 SET @saved_cs_client     = @@character_set_client */;
/*!50503 SET character_set_client = utf8mb4 */;
CREATE TABLE `cargos` (
  `id_Cargo` int NOT NULL AUTO_INCREMENT,
  `Tipo` varchar(20) NOT NULL,
  `Data_Criacao` datetime NOT NULL DEFAULT CURRENT_TIMESTAMP,
  PRIMARY KEY (`id_Cargo`)
) ENGINE=InnoDB AUTO_INCREMENT=12 DEFAULT CHARSET=utf8mb4 COLLATE=utf8mb4_0900_ai_ci;
/*!40101 SET character_set_client = @saved_cs_client */;

--
-- Dumping data for table `cargos`
--

LOCK TABLES `cargos` WRITE;
/*!40000 ALTER TABLE `cargos` DISABLE KEYS */;
INSERT INTO `cargos` VALUES (1,'Estagiário','2024-10-21 21:02:56'),(2,'Gerente de Conta','2024-10-21 21:13:26'),(3,'Analista Financeiro','2024-10-21 21:13:26'),(4,'Analista de Crédito','2024-10-21 21:13:26'),(5,'Gerente de inovação','2024-10-21 21:13:26'),(6,'Gerente de Risco','2024-10-21 21:13:26'),(7,'Diretor Financeiro','2024-10-21 21:13:26'),(8,'Gerente de TI','2024-10-21 21:13:26'),(9,'Atendente caixa','2024-10-21 21:13:26'),(10,'Escriturário','2024-10-21 21:13:26');
/*!40000 ALTER TABLE `cargos` ENABLE KEYS */;
UNLOCK TABLES;

--
-- Table structure for table `cartoes`
--

DROP TABLE IF EXISTS `cartoes`;
/*!40101 SET @saved_cs_client     = @@character_set_client */;
/*!50503 SET character_set_client = utf8mb4 */;
CREATE TABLE `cartoes` (
  `id_Cartao` int NOT NULL AUTO_INCREMENT,
  `Limite` decimal(10,2) NOT NULL,
  `Numero` varchar(19) NOT NULL,
  `Nome_Impresso` varchar(50) DEFAULT NULL,
  `Codigo` varchar(3) NOT NULL,
  `Validade` varchar(7) NOT NULL,
  `Data_Criacao` datetime NOT NULL DEFAULT CURRENT_TIMESTAMP,
  `Tipo` int NOT NULL,
  `Classe` int NOT NULL,
  `Status` int NOT NULL,
  `Cliente` int NOT NULL,
  PRIMARY KEY (`id_Cartao`),
  KEY `Tipo` (`Tipo`),
  KEY `Classe` (`Classe`),
  KEY `Status` (`Status`),
  KEY `Cliente` (`Cliente`),
  CONSTRAINT `cartoes_ibfk_1` FOREIGN KEY (`Tipo`) REFERENCES `tipos_cartoes` (`id_Tipo_Cartao`),
  CONSTRAINT `cartoes_ibfk_2` FOREIGN KEY (`Classe`) REFERENCES `classes_cartoes` (`id_Classe_Cartao`),
  CONSTRAINT `cartoes_ibfk_3` FOREIGN KEY (`Status`) REFERENCES `status_produtos` (`id_Status_Produto`),
  CONSTRAINT `cartoes_ibfk_4` FOREIGN KEY (`Cliente`) REFERENCES `clientes` (`id_Cliente`)
) ENGINE=InnoDB AUTO_INCREMENT=454 DEFAULT CHARSET=utf8mb4 COLLATE=utf8mb4_0900_ai_ci;
/*!40101 SET character_set_client = @saved_cs_client */;

--
-- Dumping data for table `cartoes`
--

LOCK TABLES `cartoes` WRITE;
/*!40000 ALTER TABLE `cartoes` DISABLE KEYS */;
INSERT INTO `cartoes` VALUES (1,76000.00,'1234 5678 9012 3456','Raquel Martins','123','01/2025','2024-10-22 20:21:57',1,3,1,201),(2,31000.00,'2345 6789 0123 4567','Silvana Ferreira','456','02/2025','2024-10-22 20:21:57',2,5,1,97),(3,48000.00,'3456 7890 1234 5678','Lucas Dias','789','03/2025','2024-10-22 20:21:57',1,1,1,12),(4,47000.00,'4567 8901 2345 6789','Leonardo Santos','234','04/2025','2024-10-22 20:21:57',1,2,1,245),(5,29000.00,'5678 9012 3456 7890','Karla Oliveira','567','05/2025','2024-10-22 20:21:57',2,4,1,89),(6,88000.00,'6789 0123 4567 8901','Dario Nascimento','890','06/2025','2024-10-22 20:21:57',1,1,1,56),(7,11000.00,'7890 1234 5678 9012','Diana Lima','345','07/2025','2024-10-22 20:21:57',2,5,1,134),(8,55000.00,'8901 2345 6789 0123','Vitor Nascimento','678','08/2025','2024-10-22 20:21:57',1,3,1,273),(9,18000.00,'9012 3456 7890 1234','Talita Oliveira','901','09/2025','2024-10-22 20:21:57',1,2,1,72),(10,90000.00,'0123 4567 8901 2345','Jéssica Almeida','012','10/2025','2024-10-22 20:21:57',2,4,2,189),(11,33000.00,'1357 2468 5790 8642','Rafael Pinto','135','11/2025','2024-10-22 20:21:57',2,1,2,18),(12,42000.00,'2468 3579 6801 9753','Katia Dias','246','12/2025','2024-10-22 20:21:57',1,3,1,63),(13,22000.00,'3579 4680 7912 0864','Fernanda Santos','357','01/2025','2024-10-22 20:21:57',1,5,1,276),(14,37000.00,'4680 5791 8023 1975','Diana Lima','468','02/2025','2024-10-22 20:21:57',2,4,1,134),(15,65000.00,'5791 6802 9134 2086','Cíntia Martins','579','03/2025','2024-10-22 20:21:57',2,2,1,81),(16,89000.00,'6802 7913 0245 3197','Zé Carlos','680','04/2025','2024-10-22 20:21:57',1,3,1,26),(17,19000.00,'7913 8024 1356 4208','Emanuel Santos','791','05/2025','2024-10-22 20:21:57',1,1,1,109),(18,10000.00,'8024 9135 2467 5319','Eliane Costa','802','06/2025','2024-10-22 20:21:57',2,5,1,220),(19,27000.00,'9135 0246 3578 6420','Nicolas Gomes','913','07/2025','2024-10-22 20:21:57',1,2,1,14),(20,54000.00,'0246 1357 4689 7531','Cláudio Costa','024','08/2025','2024-10-22 20:21:57',1,4,1,285),(21,99000.00,'1357 2468 5790 8642','Quintino Nascimento','135','09/2025','2024-10-22 20:21:57',2,1,1,95),(22,66000.00,'2468 3579 6801 9753','Leonardo Silva','246','10/2025','2024-10-22 20:21:57',2,3,1,178),(23,75000.00,'3579 4680 7912 0864','Patrício Nascimento','357','11/2025','2024-10-22 20:21:57',1,2,1,120),(24,23000.00,'4680 5791 8023 1975','Eliane Ferreira','468','12/2025','2024-10-22 20:21:57',1,5,1,210),(25,16000.00,'5791 6802 9134 2086','Gabriel Nascimento','579','01/2025','2024-10-22 20:21:57',2,4,1,232),(26,58000.00,'6802 7913 0245 3197','Felipe Nascimento','680','02/2025','2024-10-22 20:21:57',1,1,1,174),(27,72000.00,'7913 8024 1356 4208','Núria Almeida','791','03/2025','2024-10-22 20:21:57',2,3,1,144),(28,50000.00,'8024 9135 2467 5319','Eliete Costa','802','04/2025','2024-10-22 20:21:57',1,2,1,5),(29,80000.00,'9135 0246 3578 6420','Samuel Rocha','913','05/2025','2024-10-22 20:21:57',1,5,1,45),(30,13000.00,'0246 1357 4689 7531','Carla Ferreira','024','06/2025','2024-10-22 20:21:57',2,4,1,133),(31,30000.00,'1357 2468 5790 8642','Gisele Nascimento','135','07/2025','2024-10-22 20:21:57',2,1,1,194),(32,24000.00,'2468 3579 6801 9753','Urbano Costa','246','08/2025','2024-10-22 20:21:57',1,5,1,99),(33,47000.00,'3579 4680 7912 0864','Roberto Souza','357','09/2025','2024-10-22 20:21:57',1,2,1,166),(34,37000.00,'4680 5791 8023 1975','Diego Almeida','468','10/2025','2024-10-22 20:21:57',2,3,1,299),(35,64000.00,'5791 6802 9134 2086','César Almeida','579','11/2025','2024-10-22 20:21:57',1,4,1,107),(36,91000.00,'6802 7913 0245 3197','Gabriel Barros','680','12/2025','2024-10-22 20:21:57',2,1,1,284),(37,17000.00,'7913 8024 1356 4208','Xuxa Santos','791','01/2025','2024-10-22 20:21:57',1,2,1,154),(38,19000.00,'8024 9135 2467 5319','Henriqueta Ferreira','802','02/2025','2024-10-22 20:21:57',1,3,1,60),(39,37000.00,'9135 0246 3578 6420','Wanda Nascimento','913','03/2025','2024-10-22 20:21:57',2,5,1,75),(40,98000.00,'0246 1357 4689 7531','Gustavo Barros','024','04/2025','2024-10-22 20:21:57',2,4,1,172),(41,15000.00,'1357 2468 5790 8642','Célia Costa','135','05/2025','2024-10-22 20:21:57',1,1,1,253),(42,67000.00,'2468 3579 6801 9753','Larissa Nascimento','246','06/2025','2024-10-22 20:21:57',1,2,1,38),(43,41000.00,'3579 4680 7912 0864','Sérgio Santos','357','07/2025','2024-10-22 20:21:57',2,5,1,71),(44,44000.00,'4680 5791 8023 1975','Yasmin Souza','468','08/2025','2024-10-22 20:21:57',1,3,1,25),(45,36000.00,'5791 6802 9134 2086','Fábio Almeida','579','09/2025','2024-10-22 20:21:57',1,4,1,259),(46,18000.00,'6802 7913 0245 3197','Núria Costa','680','10/2025','2024-10-22 20:21:57',2,1,1,92),(47,20000.00,'7913 8024 1356 4208','Luiz Oliveira','791','11/2025','2024-10-22 20:21:57',2,2,1,228),(48,26000.00,'8024 9135 2467 5319','Leonardo Lima','802','12/2025','2024-10-22 20:21:57',1,3,1,215),(49,97000.00,'9135 0246 3578 6420','Bruno Almeida','913','01/2025','2024-10-22 20:21:57',1,5,1,80),(50,82000.00,'0246 1357 4689 7531','Julio Costa','024','02/2025','2024-10-22 20:21:57',2,4,1,198),(51,23000.00,'1357 2468 5790 8642','Helena Ferreira','135','03/2025','2024-10-22 20:21:57',1,1,1,205),(52,84000.00,'2468 3579 6801 9753','Kleber Dias','246','04/2025','2024-10-22 20:21:57',1,3,1,37),(53,48000.00,'3579 4680 7912 0864','Ulysses Costa','357','05/2025','2024-10-22 20:21:57',2,2,1,151),(54,15000.00,'4680 5791 8023 1975','Diego Santos','468','06/2025','2024-10-22 20:21:57',2,5,1,213),(55,51000.00,'5791 6802 9134 2086','Tadeu Ferreira','579','07/2025','2024-10-22 20:21:57',1,1,1,150),(56,90000.00,'6802 7913 0245 3197','Leonardo Santos','680','08/2025','2024-10-22 20:21:57',1,4,1,245),(57,52000.00,'7913 8024 1356 4208','Jéssica Ferreira','791','09/2025','2024-10-22 20:21:57',2,2,1,270),(58,65000.00,'8024 9135 2467 5319','Ana Silva','802','10/2025','2024-10-22 20:21:57',1,3,1,1),(59,19000.00,'9135 0246 3578 6420','Renato Nascimento','913','11/2025','2024-10-22 20:21:57',2,5,1,221),(60,37000.00,'0246 1357 4689 7531','Claudia Ribeiro','024','12/2025','2024-10-22 20:21:57',1,1,1,29),(61,31000.00,'1357 2468 5790 8642','Patrício Almeida','135','01/2025','2024-10-22 20:21:57',1,2,1,68),(62,85000.00,'2468 3579 6801 9753','Rogério Gomes','246','02/2025','2024-10-22 20:21:57',2,4,1,96),(63,2000.00,'3579 4680 7912 0864','Gabriel Barros','357','03/2025','2024-10-22 20:21:57',2,3,1,284),(64,6000.00,'4680 5791 8023 1975','Dario Nascimento','468','04/2025','2024-10-22 20:21:57',1,5,1,56),(65,10000.00,'5791 6802 9134 2086','Aline Martins','579','05/2025','2024-10-22 20:21:57',1,1,1,185),(66,11000.00,'6802 7913 0245 3197','Iris Oliveira','680','06/2025','2024-10-22 20:21:57',2,2,1,139),(67,65000.00,'7913 8024 1356 4208','Zita Costa','791','07/2025','2024-10-22 20:21:57',1,3,1,130),(68,95000.00,'8024 9135 2467 5319','Tatiane Mendes','802','08/2025','2024-10-22 20:21:57',2,4,1,46),(69,28000.00,'9135 0246 3578 6420','Rafael Pinto','913','09/2025','2024-10-22 20:21:57',1,5,1,18),(70,82000.00,'0246 1357 4689 7531','Gabriel Almeida','024','10/2025','2024-10-22 20:21:57',1,1,1,249),(71,47000.00,'1357 2468 5790 8642','Helena Almeida','135','11/2025','2024-10-22 20:21:57',2,3,1,34),(72,66000.00,'2468 3579 6801 9753','Fábio Almeida','246','12/2025','2024-10-22 20:21:57',2,2,1,219),(73,74000.00,'3579 4680 7912 0864','Talita Oliveira','357','01/2025','2024-10-22 20:21:57',1,4,1,72),(74,39000.00,'4680 5791 8023 1975','Otávio Santos','468','02/2025','2024-10-22 20:21:57',1,1,1,145),(75,48000.00,'5791 6802 9134 2086','João Pedro','579','03/2025','2024-10-22 20:21:57',2,5,1,62),(76,50000.00,'6802 7913 0245 3197','Rafael Barros','680','04/2025','2024-10-22 20:21:57',1,2,1,227),(77,96000.00,'7913 8024 1356 4208','Fernando Barros','791','05/2025','2024-10-22 20:21:57',1,3,1,200),(78,72000.00,'8024 9135 2467 5319','Eliana Franco','802','06/2025','2024-10-22 20:21:57',2,4,1,31),(79,29000.00,'9135 0246 3578 6420','Sérgio Ferreira','913','07/2025','2024-10-22 20:21:57',2,1,1,186),(80,54000.00,'0246 1357 4689 7531','Vinicius Martins','024','08/2025','2024-10-22 20:21:57',1,2,1,22),(81,86000.00,'1357 2468 5790 8642','Jéssica Lima','135','09/2025','2024-10-22 20:21:57',1,5,1,114),(82,75000.00,'2468 3579 6801 9753','Leonardo Lima','246','10/2025','2024-10-22 20:21:57',2,3,1,215),(83,6000.00,'3579 4680 7912 0864','André Santos','357','11/2025','2024-10-22 20:21:57',1,4,1,287),(84,11000.00,'4680 5791 8023 1975','Victor Almeida','468','12/2025','2024-10-22 20:21:57',2,1,1,184),(85,47000.00,'5791 6802 9134 2086','Tiago Ferreira','579','01/2025','2024-10-22 20:21:57',1,2,1,247),(86,52000.00,'1234 5678 9012 3456','Juliana Costa','680','02/2025','2024-10-22 20:21:57',1,3,1,36),(87,33000.00,'2345 6789 0123 4567','Samuel Nascimento','791','03/2025','2024-10-22 20:21:57',2,5,1,261),(88,19000.00,'3456 7890 1234 5678','André Gomes','802','04/2025','2024-10-22 20:21:57',2,4,1,170),(89,43000.00,'4567 8901 2345 6789','Iara Barros','913','05/2025','2024-10-22 20:21:57',1,1,1,87),(90,30000.00,'5678 9012 3456 7890','Xaviera Lima','024','06/2025','2024-10-22 20:21:57',1,3,1,128),(91,99000.00,'6789 0123 4567 8901','Mário Ferreira','135','07/2025','2024-10-22 20:21:57',2,2,1,117),(92,2000.00,'7890 1234 5678 9012','Emanuel Santos','246','08/2025','2024-10-22 20:21:57',1,5,1,109),(93,28000.00,'8901 2345 6789 0123','Michele Barros','357','09/2025','2024-10-22 20:21:57',1,1,1,234),(94,60000.00,'9012 3456 7890 1234','Karina Mendes','468','10/2025','2024-10-22 20:21:57',2,4,1,11),(95,27000.00,'0123 4567 8901 2345','Gabriel Barros','579','11/2025','2024-10-22 20:21:57',2,2,2,284),(96,32000.00,'1357 2468 5790 8642','Cláudio Costa','680','12/2025','2024-10-22 20:21:57',1,3,1,285),(97,76000.00,'2468 3579 6801 9753','Katia Dias','791','01/2025','2024-10-22 20:21:57',1,5,1,63),(98,7000.00,'3579 4680 7912 0864','Renato Lima','802','02/2025','2024-10-22 20:21:57',2,1,1,148),(99,80000.00,'4680 5791 8023 1975','Camila Ribeiro','913','03/2025','2024-10-22 20:21:57',1,2,1,173),(100,21000.00,'5791 6802 9134 2086','Jéssica Ferreira','024','04/2025','2024-10-22 20:21:57',2,4,1,270),(101,45000.00,'6802 7913 0245 3197','Henrique Alves','135','05/2025','2024-10-22 20:21:57',1,3,1,8),(102,74000.00,'7913 8024 1356 4208','Quiteria Rocha','246','06/2025','2024-10-22 20:21:57',1,5,1,17),(103,65000.00,'8024 9135 2467 5319','Júlio Mendes','357','07/2025','2024-10-22 20:21:57',2,1,1,88),(104,27000.00,'9135 0246 3578 6420','Cecília Barros','468','08/2025','2024-10-22 20:21:57',2,3,1,55),(105,50000.00,'0246 1357 4689 7531','Otávio Santos','579','09/2025','2024-10-22 20:21:57',1,2,1,145),(106,82000.00,'1357 2468 5790 8642','César Santos','680','10/2025','2024-10-22 20:21:57',1,4,1,267),(107,31000.00,'2468 3579 6801 9753','Wanda Nascimento','791','11/2025','2024-10-22 20:21:57',2,5,1,75),(108,44000.00,'3579 4680 7912 0864','Célia Costa','802','12/2025','2024-10-22 20:21:58',1,1,1,253),(109,22000.00,'4680 5791 8023 1975','Quatro Costa','913','01/2025','2024-10-22 20:21:58',1,2,1,69),(110,55000.00,'5791 6802 9134 2086','Tatiane Santos','024','02/2025','2024-10-22 20:21:58',2,4,1,183),(111,39000.00,'6802 7913 0245 3197','Danilo Rocha','135','03/2025','2024-10-22 20:21:58',2,3,1,193),(112,12000.00,'7913 8024 1356 4208','Mário Ferreira','246','04/2025','2024-10-22 20:21:58',1,1,1,91),(113,21000.00,'8024 9135 2467 5319','Fernando Gomes','357','05/2025','2024-10-22 20:21:58',1,5,1,84),(114,96000.00,'9135 0246 3578 6420','Diego Almeida','468','06/2025','2024-10-22 20:21:58',2,2,1,299),(115,99000.00,'0246 1357 4689 7531','Renata Costa','579','07/2025','2024-10-22 20:21:58',1,3,1,239),(116,32000.00,'1357 2468 5790 8642','Ricardo Costa','680','08/2025','2024-10-22 20:21:58',1,4,1,180),(117,17000.00,'2468 3579 6801 9753','Rita Silva','791','09/2025','2024-10-22 20:21:58',2,1,1,44),(118,85000.00,'3579 4680 7912 0864','Douglas Costa','802','10/2025','2024-10-22 20:21:58',2,2,1,225),(119,40000.00,'4680 5791 8023 1975','Mariana Alves','913','11/2025','2024-10-22 20:21:58',1,5,1,177),(120,43000.00,'5791 6802 9134 2086','Wendy Costa','024','12/2025','2024-10-22 20:21:58',1,3,1,23),(121,1000.00,'6802 7913 0245 3197','Daniele Rocha','135','01/2025','2024-10-22 20:21:58',2,4,1,108),(122,88000.00,'7913 8024 1356 4208','Heloísa Ferreira','246','02/2025','2024-10-22 20:21:58',1,1,1,112),(123,44000.00,'8024 9135 2467 5319','Beatriz Ferreira','357','03/2025','2024-10-22 20:21:58',2,2,1,265),(124,34000.00,'9135 0246 3578 6420','Elias Almeida','468','04/2025','2024-10-22 20:21:58',1,3,1,135),(125,75000.00,'0246 1357 4689 7531','Leonardo Costa','579','05/2025','2024-10-22 20:21:58',1,5,1,230),(126,85000.00,'1357 2468 5790 8642','Noemi Santos','680','06/2025','2024-10-22 20:21:58',2,4,1,66),(127,80000.00,'2468 3579 6801 9753','Daniel Santos','791','07/2025','2024-10-22 20:21:58',2,1,1,4),(128,26000.00,'3579 4680 7912 0864','Sofia Carvalho','802','08/2025','2024-10-22 20:21:58',1,3,1,19),(129,64000.00,'4680 5791 8023 1975','Bruno Oliveira','913','09/2025','2024-10-22 20:21:58',1,2,1,2),(130,99000.00,'5791 6802 9134 2086','Maurício Almeida','024','10/2025','2024-10-22 20:21:58',2,5,1,268),(131,18000.00,'6802 7913 0245 3197','João Pereira','135','11/2025','2024-10-22 20:21:58',1,1,1,158),(132,52000.00,'7913 8024 1356 4208','Xuxa Santos','246','12/2025','2024-10-22 20:21:58',2,4,1,154),(133,61000.00,'8024 9135 2467 5319','Patrício Nascimento','357','01/2025','2024-10-22 20:21:58',1,2,1,120),(134,68000.00,'9135 0246 3578 6420','Jorge Ferreira','468','02/2025','2024-10-22 20:21:58',1,3,1,10),(135,26000.00,'0246 1357 4689 7531','Leonardo Costa','579','03/2025','2024-10-22 20:21:58',2,5,1,230),(136,23000.00,'1357 2468 5790 8642','Samuel Nascimento','680','04/2025','2024-10-22 20:21:58',2,1,1,261),(137,19000.00,'2468 3579 6801 9753','Quela Santos','791','05/2025','2024-10-22 20:21:58',1,2,1,121),(138,60000.00,'3579 4680 7912 0864','Tatiane Santos','802','06/2025','2024-10-22 20:21:58',1,4,1,262),(139,99000.00,'4680 5791 8023 1975','Renata Costa','913','07/2025','2024-10-22 20:21:58',2,3,1,239),(140,48000.00,'5791 6802 9134 2086','Ana Silva','024','08/2025','2024-10-22 20:21:58',1,5,1,1),(141,12000.00,'6802 7913 0245 3197','Ana Silva','135','09/2025','2024-10-22 20:21:58',1,1,1,157),(142,36000.00,'7913 8024 1356 4208','Bea Martins','246','10/2025','2024-10-22 20:21:58',2,3,1,132),(143,11000.00,'8024 9135 2467 5319','Gisele Nascimento','357','11/2025','2024-10-22 20:21:58',2,2,1,194),(144,30000.00,'9135 0246 3578 6420','Wendy Costa','468','12/2025','2024-10-22 20:21:58',1,4,1,23),(145,28000.00,'0246 1357 4689 7531','Tatiane Barros','579','01/2025','2024-10-22 20:21:58',1,1,1,222),(146,90000.00,'1357 2468 5790 8642','Bruno Almeida','680','02/2025','2024-10-22 20:21:58',2,5,1,80),(147,53000.00,'2468 3579 6801 9753','Leonardo Santos','791','03/2025','2024-10-22 20:21:58',1,2,1,245),(148,54000.00,'3579 4680 7912 0864','Zanoni Costa','802','04/2025','2024-10-22 20:21:58',2,3,1,78),(149,75000.00,'4680 5791 8023 1975','Felipe Barros','913','05/2025','2024-10-22 20:21:58',1,4,1,263),(150,56000.00,'5791 6802 9134 2086','Patrícia Lima','024','06/2025','2024-10-22 20:21:58',1,1,1,42),(151,10000.00,'6802 7913 0245 3197','Roberto Souza','135','07/2025','2024-10-22 20:21:58',2,2,1,166),(152,11000.00,'7913 8024 1356 4208','Danilo Rocha','246','08/2025','2024-10-22 20:21:58',2,5,1,193),(153,21000.00,'8024 9135 2467 5319','Yolanda Nascimento','357','09/2025','2024-10-22 20:21:58',1,3,1,103),(154,38000.00,'9135 0246 3578 6420','Tatiane Nascimento','468','10/2025','2024-10-22 20:21:58',1,4,1,295),(155,56000.00,'0246 1357 4689 7531','Gustavo Barros','579','11/2025','2024-10-22 20:21:58',2,1,1,172),(156,31000.00,'1357 2468 5790 8642','Mariana Alves','680','12/2025','2024-10-22 20:21:58',1,2,1,177),(157,12000.00,'2468 3579 6801 9753','Yasmin Souza','791','01/2025','2024-10-22 20:21:58',1,3,1,25),(158,96000.00,'3579 4680 7912 0864','Fernanda Santos','802','02/2025','2024-10-22 20:21:58',2,5,1,276),(159,32000.00,'4680 5791 8023 1975','Aline Martins','913','03/2025','2024-10-22 20:21:58',2,4,1,185),(160,16000.00,'5791 6802 9134 2086','Natália Barros','024','04/2025','2024-10-22 20:21:58',1,1,1,250),(161,96000.00,'6802 7913 0245 3197','Zenaide Ferreira','135','05/2025','2024-10-22 20:21:58',1,3,1,104),(162,48000.00,'7913 8024 1356 4208','Xander Lima','246','06/2025','2024-10-22 20:21:58',2,2,1,102),(163,23000.00,'8024 9135 2467 5319','Eduardo Ferreira','357','07/2025','2024-10-22 20:21:58',1,5,1,275),(164,10000.00,'9135 0246 3578 6420','Sérgio Ferreira','468','08/2025','2024-10-22 20:21:58',2,1,1,186),(165,12000.00,'0246 1357 4689 7531','Eliane Costa','579','09/2025','2024-10-22 20:21:58',1,4,1,220),(166,40000.00,'1357 2468 5790 8642','Jéssica Lima','680','10/2025','2024-10-22 20:21:58',1,2,1,114),(167,76000.00,'2468 3579 6801 9753','Fernando Barros','791','11/2025','2024-10-22 20:21:58',2,3,1,200),(168,80000.00,'3579 4680 7912 0864','Jéssica Ferreira','802','12/2025','2024-10-22 20:21:58',2,5,1,298),(169,29000.00,'4680 5791 8023 1975','Cláudio Santos','913','01/2025','2024-10-22 20:21:58',1,1,1,217),(170,18000.00,'5791 6802 9134 2086','Yara Barros','024','02/2025','2024-10-22 20:21:58',1,2,1,155),(171,68000.00,'1234 5678 9012 3456','Leonardo Santos','135','03/2025','2024-10-22 20:21:58',2,4,1,245),(172,95000.00,'2345 6789 0123 4567','Marisa Lima','246','04/2025','2024-10-22 20:21:58',1,3,1,224),(173,16000.00,'3456 7890 1234 5678','Lucas Dias','357','05/2025','2024-10-22 20:21:58',1,5,1,12),(174,84000.00,'4567 8901 2345 6789','Jussara Lima','468','06/2025','2024-10-22 20:21:58',2,1,1,246),(175,12000.00,'5678 9012 3456 7890','Anderson Nascimento','579','07/2025','2024-10-22 20:21:58',2,3,1,204),(176,46000.00,'6789 0123 4567 8901','Aline Martins','680','08/2025','2024-10-22 20:21:58',1,2,1,185),(177,28000.00,'7890 1234 5678 9012','Fernando Lima','791','09/2025','2024-10-22 20:21:58',1,4,1,6),(178,95000.00,'8901 2345 6789 0123','Quela Santos','802','10/2025','2024-10-22 20:21:58',2,5,1,121),(179,6000.00,'9012 3456 7890 1234','Mariana Santos','913','11/2025','2024-10-22 20:21:58',1,1,1,297),(180,47000.00,'0123 4567 8901 2345','Quintino Nascimento','024','12/2025','2024-10-22 20:21:58',2,2,2,95),(181,62000.00,'1357 2468 5790 8642','Núria Almeida','135','01/2025','2024-10-22 20:21:58',1,4,1,144),(182,1000.00,'2468 3579 6801 9753','Henriqueta Ferreira','246','02/2025','2024-10-22 20:21:58',1,3,1,60),(183,55000.00,'3579 4680 7912 0864','Caroline Santos','357','03/2025','2024-10-22 20:21:58',2,1,1,226),(184,28000.00,'4680 5791 8023 1975','Samuel Nascimento','468','04/2025','2024-10-22 20:21:58',2,5,1,261),(185,64000.00,'5791 6802 9134 2086','Yolanda Nascimento','579','05/2025','2024-10-22 20:21:58',1,2,1,103),(186,41000.00,'6802 7913 0245 3197','Lucas Almeida','680','06/2025','2024-10-22 20:21:58',1,3,1,164),(187,85000.00,'7913 8024 1356 4208','Eliete Costa','791','07/2025','2024-10-22 20:21:58',2,4,1,5),(188,99000.00,'8024 9135 2467 5319','Aline Martins','802','08/2025','2024-10-22 20:21:58',1,1,1,185),(189,23000.00,'9135 0246 3578 6420','Luiz Oliveira','913','09/2025','2024-10-22 20:21:58',1,2,1,228),(190,99000.00,'0246 1357 4689 7531','Jasmine Barros','024','10/2025','2024-10-22 20:21:58',2,5,1,140),(191,26000.00,'1357 2468 5790 8642','Rafael Costa','135','11/2025','2024-10-22 20:21:58',2,3,1,162),(192,15000.00,'2468 3579 6801 9753','Mário Ferreira','246','12/2025','2024-10-22 20:21:58',1,4,1,117),(193,74000.00,'3579 4680 7912 0864','Zita Costa','357','01/2025','2024-10-22 20:21:58',1,1,1,130),(194,13000.00,'4680 5791 8023 1975','Paulo Henrique','468','02/2025','2024-10-22 20:21:58',2,2,1,16),(195,95000.00,'5791 6802 9134 2086','Iara Barros','579','03/2025','2024-10-22 20:21:58',1,3,1,87),(196,78000.00,'6802 7913 0245 3197','Fernanda Lima','680','04/2025','2024-10-22 20:21:58',2,5,1,161),(197,97000.00,'7913 8024 1356 4208','Danilo Rocha','791','05/2025','2024-10-22 20:21:58',1,4,1,193),(198,26000.00,'8024 9135 2467 5319','Diego Santos','802','06/2025','2024-10-22 20:21:58',1,1,1,213),(199,17000.00,'9135 0246 3578 6420','Olivia Lima','913','07/2025','2024-10-22 20:21:58',2,3,1,15),(200,46000.00,'0246 1357 4689 7531','Tadeu Ferreira','024','08/2025','2024-10-22 20:21:58',2,2,1,150),(201,19000.00,'1357 2468 5790 8642','Fernanda Costa','135','09/2025','2024-10-22 20:21:58',1,5,1,187),(202,55000.00,'2468 3579 6801 9753','Marcio Barros','246','10/2025','2024-10-22 20:21:58',1,1,1,39),(203,64000.00,'3579 4680 7912 0864','Gabriel Santos','357','11/2025','2024-10-22 20:21:58',2,4,1,188),(204,80000.00,'4680 5791 8023 1975','Sabrina Santos','468','12/2025','2024-10-22 20:21:58',1,2,1,282),(205,97000.00,'5791 6802 9134 2086','Cláudio Costa','579','01/2025','2024-10-22 20:21:58',1,3,1,285),(206,33000.00,'6802 7913 0245 3197','Bruna Oliveira','680','02/2025','2024-10-22 20:21:58',2,5,1,181),(207,89000.00,'7913 8024 1356 4208','Henrique Alves','791','03/2025','2024-10-22 20:21:58',2,1,1,8),(208,50000.00,'8024 9135 2467 5319','Gabriela Rocha','802','04/2025','2024-10-22 20:21:58',1,2,1,7),(209,13000.00,'9135 0246 3578 6420','Karla Oliveira','913','05/2025','2024-10-22 20:21:58',1,4,1,89),(210,7000.00,'0246 1357 4689 7531','Paula Ferreira','024','06/2025','2024-10-22 20:21:58',2,3,1,146),(211,96000.00,'1357 2468 5790 8642','Fábio Santos','135','07/2025','2024-10-22 20:21:58',1,5,1,58),(212,18000.00,'2468 3579 6801 9753','Valéria Almeida','246','08/2025','2024-10-22 20:21:58',2,1,1,100),(213,40000.00,'3579 4680 7912 0864','Marta Nascimento','357','09/2025','2024-10-22 20:21:58',1,3,1,13),(214,28000.00,'4680 5791 8023 1975','Caroline Santos','468','10/2025','2024-10-22 20:21:58',1,2,1,226),(215,13000.00,'5791 6802 9134 2086','Vera Oliveira','579','11/2025','2024-10-22 20:21:58',2,4,1,48),(216,52000.00,'6802 7913 0245 3197','Renata Costa','680','12/2025','2024-10-22 20:21:58',2,1,1,239),(217,80000.00,'7913 8024 1356 4208','Helena Ferreira','791','01/2025','2024-10-22 20:21:58',1,5,1,205),(218,38000.00,'8024 9135 2467 5319','Fernanda Santos','802','02/2025','2024-10-22 20:21:58',1,2,1,276),(219,38000.00,'9135 0246 3578 6420','Danilo Rocha','913','03/2025','2024-10-22 20:21:58',2,3,1,193),(220,32000.00,'0246 1357 4689 7531','Leonardo Lima','024','04/2025','2024-10-22 20:21:58',1,4,1,215),(221,84000.00,'1357 2468 5790 8642','Otávio Santos','135','05/2025','2024-10-22 20:21:58',1,1,1,145),(222,29000.00,'2468 3579 6801 9753','Ulysses Costa','246','06/2025','2024-10-22 20:21:58',2,2,1,151),(223,85000.00,'3579 4680 7912 0864','Felipe Santos','357','07/2025','2024-10-22 20:21:58',2,5,1,32),(224,28000.00,'4680 5791 8023 1975','Simone Santos','468','08/2025','2024-10-22 20:21:58',1,3,1,149),(225,42000.00,'5791 6802 9134 2086','Renata Lima','579','09/2025','2024-10-22 20:21:58',1,4,1,70),(226,39000.00,'6802 7913 0245 3197','Henriqueta Ferreira','680','10/2025','2024-10-22 20:21:58',2,1,1,60),(227,99000.00,'7913 8024 1356 4208','Cláudio Santos','791','11/2025','2024-10-22 20:21:58',1,2,1,217),(228,19000.00,'8024 9135 2467 5319','Zélia Ferreira','802','12/2025','2024-10-22 20:21:58',2,3,1,156),(229,37000.00,'9135 0246 3578 6420','Paulo Henrique','913','01/2025','2024-10-22 20:21:58',1,5,1,16),(230,7000.00,'0246 1357 4689 7531','Ulisses Ferreira','024','02/2025','2024-10-22 20:21:58',1,4,1,73),(231,27000.00,'1357 2468 5790 8642','Larissa Nascimento','135','03/2025','2024-10-22 20:21:58',2,1,1,38),(232,99000.00,'2468 3579 6801 9753','Tatiane Nascimento','246','04/2025','2024-10-22 20:21:58',2,3,1,295),(233,43000.00,'3579 4680 7912 0864','Tatiane Mendes','357','05/2025','2024-10-22 20:21:58',1,2,1,46),(234,51000.00,'4680 5791 8023 1975','Marcio Santos','468','06/2025','2024-10-22 20:21:58',1,5,1,238),(235,36000.00,'5791 6802 9134 2086','Vanessa Lima','579','07/2025','2024-10-22 20:21:58',2,1,1,207),(236,58000.00,'6802 7913 0245 3197','Tiago Barros','680','08/2025','2024-10-22 20:21:58',1,4,1,20),(237,40000.00,'7913 8024 1356 4208','Fernanda Santos','791','09/2025','2024-10-22 20:21:58',1,2,1,276),(238,65000.00,'8024 9135 2467 5319','Marcel Ferreira','802','10/2025','2024-10-22 20:21:58',2,3,1,252),(239,25000.00,'9135 0246 3578 6420','Carla Pereira','913','11/2025','2024-10-22 20:21:58',2,5,1,3),(240,29000.00,'0246 1357 4689 7531','Zenaide Ferreira','024','12/2025','2024-10-22 20:21:58',1,1,1,104),(241,78000.00,'1357 2468 5790 8642','Juliana Martins','135','01/2025','2024-10-22 20:21:58',1,2,1,165),(242,41000.00,'2468 3579 6801 9753','Renato Lima','246','02/2025','2024-10-22 20:21:58',2,4,1,148),(243,11000.00,'3579 4680 7912 0864','Lúcio Nascimento','357','03/2025','2024-10-22 20:21:58',1,3,1,64),(244,78000.00,'4680 5791 8023 1975','Otto Almeida','468','04/2025','2024-10-22 20:21:58',2,5,1,119),(245,86000.00,'5791 6802 9134 2086','Dario Nascimento','579','05/2025','2024-10-22 20:21:58',1,1,1,56),(246,80000.00,'6802 7913 0245 3197','Rafael Barros','680','06/2025','2024-10-22 20:21:58',1,3,1,227),(247,29000.00,'7913 8024 1356 4208','Helena Ferreira','791','07/2025','2024-10-22 20:21:58',2,2,1,205),(248,65000.00,'8024 9135 2467 5319','Jussara Lima','802','08/2025','2024-10-22 20:21:58',2,4,1,246),(249,22000.00,'9135 0246 3578 6420','Quatro Costa','913','09/2025','2024-10-22 20:21:58',1,1,1,69),(250,98000.00,'0246 1357 4689 7531','Carla Ferreira','024','10/2025','2024-10-22 20:21:58',1,5,1,133),(251,21000.00,'1357 2468 5790 8642','Camila Ribeiro','135','11/2025','2024-10-22 20:21:58',2,2,1,173),(252,18000.00,'2468 3579 6801 9753','Tiago Barros','246','12/2025','2024-10-22 20:21:58',1,3,1,20),(253,46000.00,'3579 4680 7912 0864','Simone Ferreira','357','01/2025','2024-10-22 20:21:58',1,4,1,235),(254,52000.00,'4680 5791 8023 1975','Fábio Santos','468','02/2025','2024-10-22 20:21:58',2,1,1,58),(255,29000.00,'5791 6802 9134 2086','Lúcio Nascimento','579','03/2025','2024-10-22 20:21:58',2,2,1,64),(256,58000.00,'1234 5678 9012 3456','Rita Silva','680','04/2025','2024-10-22 20:21:58',1,5,1,44),(257,14000.00,'2345 6789 0123 4567','Rafael Barros','791','05/2025','2024-10-22 20:21:58',1,3,1,227),(258,72000.00,'3456 7890 1234 5678','Fernanda Lima','802','06/2025','2024-10-22 20:21:58',2,4,1,161),(259,22000.00,'4567 8901 2345 6789','Victor Almeida','913','07/2025','2024-10-22 20:21:58',1,1,1,126),(260,97000.00,'5678 9012 3456 7890','Rafael Costa','024','08/2025','2024-10-22 20:21:58',2,2,1,162),(261,19000.00,'6789 0123 4567 8901','Daniel Santos','135','09/2025','2024-10-22 20:21:58',1,3,1,4),(262,25000.00,'7890 1234 5678 9012','Núria Almeida','246','10/2025','2024-10-22 20:21:58',1,5,1,144),(263,86000.00,'8901 2345 6789 0123','Diana Lima','357','11/2025','2024-10-22 20:21:58',2,4,1,134),(264,80000.00,'9012 3456 7890 1234','Xuxa Dias','468','12/2025','2024-10-22 20:21:58',2,1,1,76),(265,16000.00,'0123 4567 8901 2345','Samanta Lima','579','01/2025','2024-10-22 20:21:58',1,3,2,197),(266,95000.00,'1357 2468 5790 8642','Júlio Mendes','680','02/2025','2024-10-22 20:21:58',1,2,1,88),(267,15000.00,'2468 3579 6801 9753','Ulysses Costa','791','03/2025','2024-10-22 20:21:58',2,5,1,151),(268,74000.00,'3579 4680 7912 0864','Rogério Santos','802','04/2025','2024-10-22 20:21:58',1,1,1,206),(269,44000.00,'4680 5791 8023 1975','Helena Ferreira','913','05/2025','2024-10-22 20:21:58',1,4,1,205),(270,21000.00,'5791 6802 9134 2086','Tamires Costa','024','06/2025','2024-10-22 20:21:58',2,2,1,124),(271,56000.00,'6802 7913 0245 3197','Michele Barros','135','07/2025','2024-10-22 20:21:58',2,3,1,234),(272,1000.00,'7913 8024 1356 4208','Henrique Santos','246','08/2025','2024-10-22 20:21:58',1,5,1,138),(273,78000.00,'8024 9135 2467 5319','Karina Mendes','357','09/2025','2024-10-22 20:21:58',1,1,1,11),(274,31000.00,'9135 0246 3578 6420','Gisele Nascimento','468','10/2025','2024-10-22 20:21:58',2,2,1,194),(275,50000.00,'0246 1357 4689 7531','Gabriel Almeida','579','11/2025','2024-10-22 20:21:58',1,4,1,249),(276,38000.00,'1357 2468 5790 8642','Gabriela Nascimento','680','12/2025','2024-10-22 20:21:58',2,3,1,137),(277,27000.00,'2468 3579 6801 9753','Gustavo Lima','791','01/2025','2024-10-22 20:21:58',1,5,1,264),(278,89000.00,'3579 4680 7912 0864','Michele Barros','802','02/2025','2024-10-22 20:21:58',1,1,1,234),(279,12000.00,'4680 5791 8023 1975','Beatriz Costa','913','03/2025','2024-10-22 20:21:58',2,3,1,54),(280,14000.00,'5791 6802 9134 2086','Rogério Gomes','024','04/2025','2024-10-22 20:21:58',2,2,1,96),(281,46000.00,'6802 7913 0245 3197','Raul Almeida','135','05/2025','2024-10-22 20:21:58',1,4,1,280),(282,85000.00,'7913 8024 1356 4208','Renata Costa','246','06/2025','2024-10-22 20:21:58',1,1,1,239),(283,88000.00,'8024 9135 2467 5319','César Santos','357','07/2025','2024-10-22 20:21:58',2,5,1,267),(284,6000.00,'9135 0246 3578 6420','Helena Almeida','468','08/2025','2024-10-22 20:21:58',1,2,1,34),(285,40000.00,'0246 1357 4689 7531','Yasmin Souza','579','09/2025','2024-10-22 20:21:58',1,3,1,25),(286,98000.00,'1357 2468 5790 8642','Vanessa Rocha','680','10/2025','2024-10-22 20:21:58',2,4,1,218),(287,59000.00,'2468 3579 6801 9753','Irmão Costa','791','11/2025','2024-10-22 20:21:58',2,1,1,61),(288,20000.00,'3579 4680 7912 0864','Diego Almeida','802','12/2025','2024-10-22 20:21:58',1,2,1,299),(289,34000.00,'4680 5791 8023 1975','Tadeu Ferreira','913','01/2025','2024-10-22 20:21:58',1,5,1,150),(290,21000.00,'5791 6802 9134 2086','Leonardo Lima','024','02/2025','2024-10-22 20:21:58',2,3,1,215),(291,32000.00,'6802 7913 0245 3197','Cláudio Santos','123','03/2025','2024-10-22 20:21:58',1,4,1,217),(292,84000.00,'7913 8024 1356 4208','Eliete Costa','456','04/2025','2024-10-22 20:21:58',2,1,1,5),(293,32000.00,'8024 9135 2467 5319','Raul Santos','789','05/2025','2024-10-22 20:21:58',1,2,1,233),(294,54000.00,'9135 0246 3578 6420','Quela Santos','234','06/2025','2024-10-22 20:21:58',1,3,1,121),(295,41000.00,'0246 1357 4689 7531','Ulysses Costa','567','07/2025','2024-10-22 20:21:58',2,5,1,151),(296,90000.00,'1357 2468 5790 8642','Uliana Barros','890','08/2025','2024-10-22 20:21:58',2,4,1,125),(297,30000.00,'2468 3579 6801 9753','Leonardo Santos','345','09/2025','2024-10-22 20:21:58',1,1,1,245),(298,80000.00,'3579 4680 7912 0864','Cláudio Santos','678','10/2025','2024-10-22 20:21:58',1,3,1,217),(299,96000.00,'4680 5791 8023 1975','Camila Ribeiro','901','11/2025','2024-10-22 20:21:58',2,2,1,173),(300,40000.00,'5791 6802 9134 2086','Henriqueta Ferreira','012','12/2025','2024-10-22 20:21:58',1,5,1,60),(301,31000.00,'6802 7913 0245 3197','Fábio Oliveira','135','01/2025','2024-10-22 20:21:58',1,1,1,191),(302,89000.00,'7913 8024 1356 4208','Jéssica Ferreira','246','02/2025','2024-10-22 20:21:58',2,4,1,270),(303,16000.00,'8024 9135 2467 5319','Cláudio Costa','357','03/2025','2024-10-22 20:21:58',2,2,1,285),(304,32000.00,'9135 0246 3578 6420','Bruno Oliveira','468','04/2025','2024-10-22 20:21:58',1,3,1,2),(305,11000.00,'0246 1357 4689 7531','Luiza Ferreira','579','05/2025','2024-10-22 20:21:58',1,5,1,142),(306,89000.00,'1357 2468 5790 8642','Iara Barros','680','06/2025','2024-10-22 20:21:58',2,1,1,87),(307,88000.00,'2468 3579 6801 9753','Julio Costa','791','07/2025','2024-10-22 20:21:58',1,2,1,198),(308,55000.00,'3579 4680 7912 0864','Priscila Barros','802','08/2025','2024-10-22 20:21:58',2,4,1,192),(309,1000.00,'4680 5791 8023 1975','Eliane Costa','913','09/2025','2024-10-22 20:21:58',1,3,1,220),(310,22000.00,'5791 6802 9134 2086','Diana Lima','024','10/2025','2024-10-22 20:21:58',1,5,1,134),(311,70000.00,'6802 7913 0245 3197','Claudia Ribeiro','135','11/2025','2024-10-22 20:21:58',2,1,1,29),(312,80000.00,'7913 8024 1356 4208','Rafael Barros','246','12/2025','2024-10-22 20:21:58',2,3,1,227),(313,20000.00,'8024 9135 2467 5319','Juliana Lima','357','01/2025','2024-10-22 20:21:58',1,2,1,277),(314,92000.00,'9135 0246 3578 6420','Wanda Nascimento','468','02/2025','2024-10-22 20:21:58',1,4,1,75),(315,55000.00,'0246 1357 4689 7531','Leonardo Costa','579','03/2025','2024-10-22 20:21:58',2,5,1,230),(316,99000.00,'1357 2468 5790 8642','Patrícia Lima','680','04/2025','2024-10-22 20:21:58',1,1,1,42),(317,68000.00,'2468 3579 6801 9753','Michele Barros','791','05/2025','2024-10-22 20:21:58',1,2,1,234),(318,24000.00,'3579 4680 7912 0864','Lívia Almeida','802','06/2025','2024-10-22 20:21:58',2,4,1,274),(319,80000.00,'4680 5791 8023 1975','João Pedro Lima','913','07/2025','2024-10-22 20:21:58',2,3,1,236),(320,89000.00,'5791 6802 9134 2086','Ana Silva','024','08/2025','2024-10-22 20:21:58',1,1,1,1),(321,20000.00,'6802 7913 0245 3197','Olivia Lima','135','09/2025','2024-10-22 20:21:58',1,5,1,15),(322,29000.00,'7913 8024 1356 4208','Xuxa Ferreira','246','10/2025','2024-10-22 20:21:58',2,2,1,24),(323,19000.00,'8024 9135 2467 5319','Xuxa Dias','357','11/2025','2024-10-22 20:21:58',1,3,1,76),(324,41000.00,'9135 0246 3578 6420','Gisele Nascimento','468','12/2025','2024-10-22 20:21:58',2,4,1,194),(325,27000.00,'0246 1357 4689 7531','Vinicius Martins','579','01/2025','2024-10-22 20:21:58',1,1,1,22),(326,95000.00,'1357 2468 5790 8642','Tadeu Ferreira','680','02/2025','2024-10-22 20:21:58',1,2,1,150),(327,96000.00,'2468 3579 6801 9753','Zita Costa','791','03/2025','2024-10-22 20:21:58',2,5,1,130),(328,27000.00,'3579 4680 7912 0864','Lucas Almeida','802','04/2025','2024-10-22 20:21:58',2,3,1,164),(329,20000.00,'4680 5791 8023 1975','Heloísa Ferreira','913','05/2025','2024-10-22 20:21:58',1,4,1,112),(330,21000.00,'5791 6802 9134 2086','Raquel Martins','024','06/2025','2024-10-22 20:21:58',1,1,1,201),(331,39000.00,'6802 7913 0245 3197','Célia Costa','135','07/2025','2024-10-22 20:21:58',2,2,1,253),(332,12000.00,'7913 8024 1356 4208','Sidney Ferreira','246','08/2025','2024-10-22 20:21:58',1,3,1,123),(333,95000.00,'8024 9135 2467 5319','Aline Martins','357','09/2025','2024-10-22 20:21:58',1,5,1,185),(334,7000.00,'9135 0246 3578 6420','Juliana Lima','468','10/2025','2024-10-22 20:21:58',2,4,1,277),(335,45000.00,'0246 1357 4689 7531','Dario Nascimento','579','11/2025','2024-10-22 20:21:58',2,1,1,56),(336,36000.00,'1357 2468 5790 8642','Helena Almeida','680','12/2025','2024-10-22 20:21:58',1,3,1,243),(337,98000.00,'2468 3579 6801 9753','Quatro Costa','791','01/2025','2024-10-22 20:21:58',1,2,1,69),(338,23000.00,'3579 4680 7912 0864','Larissa Nascimento','802','02/2025','2024-10-22 20:21:58',2,5,1,38),(339,18000.00,'4680 5791 8023 1975','Xander Lima','913','03/2025','2024-10-22 20:21:58',1,1,1,102),(340,21000.00,'5791 6802 9134 2086','Larissa Nascimento','024','04/2025','2024-10-22 20:21:58',2,4,1,38),(341,29000.00,'1234 5678 9012 3456','Priscila Barros','135','05/2025','2024-10-22 20:21:58',1,2,1,192),(342,13000.00,'2345 6789 0123 4567','Felipe Nascimento','246','06/2025','2024-10-22 20:21:58',1,3,1,174),(343,97000.00,'3456 7890 1234 5678','Jussara Lima','357','07/2025','2024-10-22 20:21:58',2,5,1,246),(344,72000.00,'4567 8901 2345 6789','Luan Santos','468','08/2025','2024-10-22 20:21:58',2,1,1,196),(345,46000.00,'5678 9012 3456 7890','Natália Barros','579','09/2025','2024-10-22 20:21:58',1,2,1,250),(346,89000.00,'6789 0123 4567 8901','Renata Lima','680','10/2025','2024-10-22 20:21:58',1,4,1,70),(347,20000.00,'7890 1234 5678 9012','Juliana Costa','791','11/2025','2024-10-22 20:21:58',2,3,1,36),(348,31000.00,'8901 2345 6789 0123','Fábio Oliveira','802','12/2025','2024-10-22 20:21:58',1,5,1,191),(349,28000.00,'9012 3456 7890 1234','Fábio Santos','913','01/2025','2024-10-22 20:21:58',1,1,1,58),(350,35000.00,'0123 4567 8901 2345','Sérgio Ferreira','024','02/2025','2024-10-22 20:21:58',2,3,2,186),(351,25000.00,'1357 2468 5790 8642','Gabriel Santos','135','03/2025','2024-10-22 20:21:58',2,2,1,188),(352,32000.00,'2468 3579 6801 9753','Simone Santos','246','04/2025','2024-10-22 20:21:58',1,4,1,149),(353,25000.00,'3579 4680 7912 0864','Irmão Costa','357','05/2025','2024-10-22 20:21:58',1,1,1,61),(354,23000.00,'4680 5791 8023 1975','Vanessa Lima','468','06/2025','2024-10-22 20:21:58',2,5,1,207),(355,37000.00,'5791 6802 9134 2086','Fernando Gomes','579','07/2025','2024-10-22 20:21:58',1,2,1,84),(356,12000.00,'6802 7913 0245 3197','Carlos Santos','680','08/2025','2024-10-22 20:21:58',2,3,1,160),(357,37000.00,'7913 8024 1356 4208','Noemi Santos','791','09/2025','2024-10-22 20:21:58',1,4,1,66),(358,15000.00,'8024 9135 2467 5319','Diego Lima','802','10/2025','2024-10-22 20:21:58',1,1,1,254),(359,96000.00,'9135 0246 3578 6420','Eliane Costa','913','11/2025','2024-10-22 20:21:58',2,2,1,220),(360,18000.00,'0246 1357 4689 7531','Cláudio Costa','024','12/2025','2024-10-22 20:21:58',2,5,1,285),(361,44000.00,'1357 2468 5790 8642','Valdir Nascimento','135','01/2025','2024-10-22 20:21:58',1,3,1,152),(362,20000.00,'2468 3579 6801 9753','Emanuel Santos','246','02/2025','2024-10-22 20:21:58',1,4,1,109),(363,41000.00,'3579 4680 7912 0864','André Gomes','357','03/2025','2024-10-22 20:21:58',2,1,1,170),(364,52000.00,'4680 5791 8023 1975','Jéssica Almeida','468','04/2025','2024-10-22 20:21:58',1,2,1,189),(365,82000.00,'5791 6802 9134 2086','Iara Barros','579','05/2025','2024-10-22 20:21:58',1,3,1,87),(366,50000.00,'6802 7913 0245 3197','Emília Lima','680','06/2025','2024-10-22 20:21:58',2,5,1,57),(367,89000.00,'7913 8024 1356 4208','Yasmin Souza','791','07/2025','2024-10-22 20:21:58',2,4,1,25),(368,15000.00,'8024 9135 2467 5319','Gustavo Martins','802','08/2025','2024-10-22 20:21:58',1,1,1,33),(369,47000.00,'9135 0246 3578 6420','Quim Barros','913','09/2025','2024-10-22 20:21:58',1,3,1,147),(370,15000.00,'0246 1357 4689 7531','Ulisses Ferreira','024','10/2025','2024-10-22 20:21:58',2,2,1,73),(371,31000.00,'1357 2468 5790 8642','Jussara Lima','135','11/2025','2024-10-22 20:21:58',1,5,1,246),(372,56000.00,'2468 3579 6801 9753','Victor Almeida','246','12/2025','2024-10-22 20:21:58',2,1,1,126),(373,11000.00,'3579 4680 7912 0864','Quatro Costa','357','01/2025','2024-10-22 20:21:58',1,4,1,69),(374,24000.00,'4680 5791 8023 1975','Vitor Nascimento','468','02/2025','2024-10-22 20:21:58',1,2,1,273),(375,17000.00,'5791 6802 9134 2086','Zanoni Costa','579','03/2025','2024-10-22 20:21:58',2,3,1,78),(376,72000.00,'6802 7913 0245 3197','Fernanda Santos','680','04/2025','2024-10-22 20:21:58',2,5,1,276),(377,84000.00,'7913 8024 1356 4208','Renata Lima','791','05/2025','2024-10-22 20:21:58',1,1,1,70),(378,15000.00,'8024 9135 2467 5319','Eduardo Ferreira','802','06/2025','2024-10-22 20:21:58',1,2,1,275),(379,28000.00,'9135 0246 3578 6420','André Gomes','913','07/2025','2024-10-22 20:21:58',2,4,1,170),(380,36000.00,'0246 1357 4689 7531','João Pedro','024','08/2025','2024-10-22 20:21:58',1,3,1,62),(381,50000.00,'1357 2468 5790 8642','Douglas Costa','135','09/2025','2024-10-22 20:21:58',1,3,1,225),(382,65000.00,'2468 3579 6801 9753','Carla Ferreira','246','10/2025','2024-10-22 20:21:58',2,5,1,133),(383,64000.00,'3579 4680 7912 0864','Ana Silva','357','11/2025','2024-10-22 20:21:58',2,1,1,1),(384,42000.00,'4680 5791 8023 1975','Xaviera Lima','468','12/2025','2024-10-22 20:21:58',1,2,1,128),(385,99000.00,'5791 6802 9134 2086','Yara Barros','579','01/2025','2024-10-22 20:21:58',1,4,1,155),(386,99000.00,'6802 7913 0245 3197','Mário Ferreira','680','02/2025','2024-10-22 20:21:58',2,1,1,91),(387,58000.00,'7913 8024 1356 4208','Iris Oliveira','791','03/2025','2024-10-22 20:21:58',1,5,1,139),(388,11000.00,'8024 9135 2467 5319','João Pereira','802','04/2025','2024-10-22 20:21:58',2,3,1,158),(389,30000.00,'9135 0246 3578 6420','Eduardo Ferreira','913','05/2025','2024-10-22 20:21:58',1,2,1,275),(390,14000.00,'0246 1357 4689 7531','Felipe Costa','024','06/2025','2024-10-22 20:21:58',1,4,1,136),(391,43000.00,'1357 2468 5790 8642','Eliete Costa','135','07/2025','2024-10-22 20:21:58',2,1,1,5),(392,96000.00,'2468 3579 6801 9753','Bruno Almeida','246','08/2025','2024-10-22 20:21:58',1,3,1,80),(393,17000.00,'3579 4680 7912 0864','Yasmin Souza','357','09/2025','2024-10-22 20:21:58',2,5,1,25),(394,72000.00,'4680 5791 8023 1975','Núria Costa','468','10/2025','2024-10-22 20:21:58',1,4,1,92),(395,82000.00,'5791 6802 9134 2086','Zé Carlos','579','11/2025','2024-10-22 20:21:58',1,2,1,26),(396,31000.00,'6802 7913 0245 3197','Urbano Costa','680','12/2025','2024-10-22 20:21:58',2,3,1,99),(397,18000.00,'7913 8024 1356 4208','Simone Ferreira','791','01/2025','2024-10-22 20:21:58',2,1,1,235),(398,96000.00,'8024 9135 2467 5319','Nicolas Gomes','802','02/2025','2024-10-22 20:21:58',1,5,1,14),(399,14000.00,'9135 0246 3578 6420','Sofia Carvalho','913','03/2025','2024-10-22 20:21:58',1,2,1,19),(400,37000.00,'0246 1357 4689 7531','Wagner Almeida','024','04/2025','2024-10-22 20:21:58',2,4,1,49),(401,13000.00,'1357 2468 5790 8642','Marta Costa','135','05/2025','2024-10-22 20:21:58',2,1,1,244),(402,41000.00,'2468 3579 6801 9753','Gustavo Martins','246','06/2025','2024-10-22 20:21:58',1,3,1,33),(403,84000.00,'3579 4680 7912 0864','Tiago Barros','357','07/2025','2024-10-22 20:21:58',1,2,1,20),(404,40000.00,'4680 5791 8023 1975','Fernando Gomes','468','08/2025','2024-10-22 20:21:58',2,5,1,84),(405,12000.00,'5791 6802 9134 2086','Talita Oliveira','579','09/2025','2024-10-22 20:21:58',1,4,1,72),(406,15000.00,'6802 7913 0245 3197','Ulisses Ferreira','680','10/2025','2024-10-22 20:21:58',1,1,1,73),(407,15000.00,'7913 8024 1356 4208','Xaviera Lima','791','11/2025','2024-10-22 20:21:58',2,3,1,128),(408,65000.00,'8024 9135 2467 5319','Noemi Santos','802','12/2025','2024-10-22 20:21:58',2,2,1,66),(409,13000.00,'9135 0246 3578 6420','Marcos Oliveira','913','01/2025','2024-10-22 20:21:58',1,5,1,202),(410,1000.00,'0246 1357 4689 7531','Samuel Rocha','024','02/2025','2024-10-22 20:21:58',1,4,1,45),(411,40000.00,'1357 2468 5790 8642','Bruno Oliveira','135','03/2025','2024-10-22 20:21:58',2,1,1,2),(412,56000.00,'2468 3579 6801 9753','Xander Lima','246','04/2025','2024-10-22 20:21:58',1,5,1,102),(413,27000.00,'3579 4680 7912 0864','Luiza Ferreira','357','05/2025','2024-10-22 20:21:58',2,2,1,142),(414,72000.00,'4680 5791 8023 1975','Ximena Costa','468','06/2025','2024-10-22 20:21:58',1,3,1,50),(415,51000.00,'5791 6802 9134 2086','Vitor Nascimento','579','07/2025','2024-10-22 20:21:58',1,4,1,273),(416,99000.00,'6802 7913 0245 3197','Samuel Nascimento','680','08/2025','2024-10-22 20:21:58',2,1,1,261),(417,65000.00,'7913 8024 1356 4208','Nina Oliveira','791','09/2025','2024-10-22 20:21:58',2,2,1,118),(418,28000.00,'8024 9135 2467 5319','João Pedro','802','10/2025','2024-10-22 20:21:58',1,3,1,62),(419,55000.00,'9135 0246 3578 6420','Kurt Almeida','913','11/2025','2024-10-22 20:21:58',1,5,1,141),(420,18000.00,'0246 1357 4689 7531','César Santos','024','12/2025','2024-10-22 20:21:58',2,4,1,267),(421,84000.00,'1357 2468 5790 8642','Beatriz Costa','135','01/2025','2024-10-22 20:21:58',1,1,1,54),(422,32000.00,'2468 3579 6801 9753','João Pereira','246','02/2025','2024-10-22 20:21:58',2,2,1,158),(423,52000.00,'3579 4680 7912 0864','Uliana Barros','357','03/2025','2024-10-22 20:21:58',1,5,1,125),(424,45000.00,'4680 5791 8023 1975','Zanoni Costa','468','04/2025','2024-10-22 20:21:58',1,3,1,78),(425,27000.00,'5791 6802 9134 2086','Nicolas Ferreira','579','05/2025','2024-10-22 20:21:58',2,4,1,195),(426,20000.00,'1234 5678 9012 3456','Urbano Costa','680','06/2025','2024-10-22 20:21:58',2,1,1,99),(427,40000.00,'2345 6789 0123 4567','Igor Gomes','791','07/2025','2024-10-22 20:21:58',1,2,1,35),(428,10000.00,'3456 7890 1234 5678','Helena Almeida','802','08/2025','2024-10-22 20:21:58',1,3,1,243),(429,92000.00,'4567 8901 2345 6789','Bruno Nascimento','913','09/2025','2024-10-22 20:21:58',2,5,1,240),(430,19000.00,'5678 9012 3456 7890','Célia Costa','024','10/2025','2024-10-22 20:21:58',1,4,1,253),(431,95000.00,'6789 0123 4567 8901','Rafael Pinto','135','11/2025','2024-10-22 20:21:58',1,1,1,18),(432,31000.00,'7890 1234 5678 9012','Urbano Costa','246','12/2025','2024-10-22 20:21:58',2,3,1,99),(433,46000.00,'8901 2345 6789 0123','Gisele Nascimento','357','01/2025','2024-10-22 20:21:58',2,2,1,194),(434,60000.00,'9012 3456 7890 1234','Beatriz Costa','468','02/2025','2024-10-22 20:21:58',1,5,1,54),(435,90000.00,'0123 4567 8901 2345','Renato Lima','579','03/2025','2024-10-22 20:21:58',1,1,2,148),(436,37000.00,'1357 2468 5790 8642','Gabriela Lima','680','04/2025','2024-10-22 20:21:58',2,4,1,272),(437,97000.00,'2468 3579 6801 9753','Helena Ferreira','791','05/2025','2024-10-22 20:21:58',1,2,1,205),(438,56000.00,'3579 4680 7912 0864','Adriana Almeida','802','06/2025','2024-10-22 20:21:58',1,3,1,237),(439,35000.00,'4680 5791 8023 1975','Otávio Santos','913','07/2025','2024-10-22 20:21:58',2,5,1,145),(440,88000.00,'5791 6802 9134 2086','João Pedro Lima','024','08/2025','2024-10-22 20:21:58',2,1,1,236),(441,44000.00,'6802 7913 0245 3197','Alfredo Costa','135','09/2025','2024-10-22 20:21:58',1,2,1,105),(442,12000.00,'7913 8024 1356 4208','Zanoni Costa','246','10/2025','2024-10-22 20:21:58',1,4,1,78),(443,24000.00,'8024 9135 2467 5319','Quatro Costa','357','11/2025','2024-10-22 20:21:58',2,3,1,69),(444,99000.00,'9135 0246 3578 6420','Jorge Ferreira','468','12/2025','2024-10-22 20:21:58',1,5,1,10),(445,92000.00,'0246 1357 4689 7531','Renato Lima','579','01/2025','2024-10-22 20:21:58',2,1,1,148),(446,31000.00,'1357 2468 5790 8642','Eliana Franco','680','02/2025','2024-10-22 20:21:58',1,2,1,31),(447,20000.00,'2468 3579 6801 9753','Bruno Oliveira','791','03/2025','2024-10-22 20:21:58',1,3,1,2),(448,20000.00,'3579 4680 7912 0864','Marta Costa','802','04/2025','2024-10-22 20:21:58',2,4,1,244),(449,15000.00,'4680 5791 8023 1975','Renata Costa','913','05/2025','2024-10-22 20:21:58',2,5,1,239),(450,92000.00,'5791 6802 9134 2086','Diego Pacheco','024','06/2025','2024-10-22 20:21:58',1,1,1,30),(453,76000.00,'2235 5608 9825 7106','Bruno Oliveira','653','12/2025','2024-10-24 15:04:38',2,4,1,2);
/*!40000 ALTER TABLE `cartoes` ENABLE KEYS */;
UNLOCK TABLES;
/*!50003 SET @saved_cs_client      = @@character_set_client */ ;
/*!50003 SET @saved_cs_results     = @@character_set_results */ ;
/*!50003 SET @saved_col_connection = @@collation_connection */ ;
/*!50003 SET character_set_client  = utf8mb4 */ ;
/*!50003 SET character_set_results = utf8mb4 */ ;
/*!50003 SET collation_connection  = utf8mb4_0900_ai_ci */ ;
/*!50003 SET @saved_sql_mode       = @@sql_mode */ ;
/*!50003 SET sql_mode              = 'ONLY_FULL_GROUP_BY,STRICT_TRANS_TABLES,NO_ZERO_IN_DATE,NO_ZERO_DATE,ERROR_FOR_DIVISION_BY_ZERO,NO_ENGINE_SUBSTITUTION' */ ;
DELIMITER ;;
/*!50003 CREATE*/ /*!50017 DEFINER=`dba`@`%`*/ /*!50003 TRIGGER `Preenche_Nome_Cartao` BEFORE INSERT ON `cartoes` FOR EACH ROW BEGIN
	DECLARE Nome_Cliente VARCHAR(50);
		SELECT Nome INTO Nome_Cliente FROM Clientes
    WHERE id_Cliente = NEW.Cliente;
    
    SET NEW.Nome_Impresso = Nome_Cliente;

END */;;
DELIMITER ;
/*!50003 SET sql_mode              = @saved_sql_mode */ ;
/*!50003 SET character_set_client  = @saved_cs_client */ ;
/*!50003 SET character_set_results = @saved_cs_results */ ;
/*!50003 SET collation_connection  = @saved_col_connection */ ;

--
-- Table structure for table `classes_cartoes`
--

DROP TABLE IF EXISTS `classes_cartoes`;
/*!40101 SET @saved_cs_client     = @@character_set_client */;
/*!50503 SET character_set_client = utf8mb4 */;
CREATE TABLE `classes_cartoes` (
  `id_Classe_Cartao` int NOT NULL AUTO_INCREMENT,
  `Classe` varchar(20) NOT NULL,
  `Data_Criacao` datetime NOT NULL DEFAULT CURRENT_TIMESTAMP,
  PRIMARY KEY (`id_Classe_Cartao`)
) ENGINE=InnoDB AUTO_INCREMENT=6 DEFAULT CHARSET=utf8mb4 COLLATE=utf8mb4_0900_ai_ci;
/*!40101 SET character_set_client = @saved_cs_client */;

--
-- Dumping data for table `classes_cartoes`
--

LOCK TABLES `classes_cartoes` WRITE;
/*!40000 ALTER TABLE `classes_cartoes` DISABLE KEYS */;
INSERT INTO `classes_cartoes` VALUES (1,'Standard','2024-10-21 21:00:14'),(2,'Gold','2024-10-21 21:00:14'),(3,'Platinum','2024-10-21 21:00:14'),(4,'Black','2024-10-21 21:00:14'),(5,'Infinite','2024-10-21 21:00:14');
/*!40000 ALTER TABLE `classes_cartoes` ENABLE KEYS */;
UNLOCK TABLES;

--
-- Table structure for table `clientes`
--

DROP TABLE IF EXISTS `clientes`;
/*!40101 SET @saved_cs_client     = @@character_set_client */;
/*!50503 SET character_set_client = utf8mb4 */;
CREATE TABLE `clientes` (
  `id_Cliente` int NOT NULL AUTO_INCREMENT,
  `Nome` varchar(50) NOT NULL,
  `CPF` varchar(15) NOT NULL,
  `Telefone` varchar(15) NOT NULL,
  `Email` varchar(50) NOT NULL,
  `Ativo` tinyint NOT NULL DEFAULT '1',
  `Data_Criacao` datetime DEFAULT CURRENT_TIMESTAMP,
  PRIMARY KEY (`id_Cliente`)
) ENGINE=InnoDB AUTO_INCREMENT=302 DEFAULT CHARSET=utf8mb4 COLLATE=utf8mb4_0900_ai_ci;
/*!40101 SET character_set_client = @saved_cs_client */;

--
-- Dumping data for table `clientes`
--

LOCK TABLES `clientes` WRITE;
/*!40000 ALTER TABLE `clientes` DISABLE KEYS */;
INSERT INTO `clientes` VALUES (1,'Ana Silva Santos','123.456.789-00','(11) 98765-4321','ana.silva@example.com',1,'2024-10-21 21:09:56'),(2,'Bruno Oliveira','234.567.890-11','(21) 98876-5432','bruno.oliveira@example.com',0,'2024-10-21 21:09:56'),(3,'Carla Pereira','345.678.901-22','(31) 97765-4321','carla.pereira@example.com',1,'2024-10-21 21:09:56'),(4,'Daniel Santos','456.789.012-33','(41) 96654-3210','daniel.santos@example.com',1,'2024-10-21 21:09:56'),(5,'Eliete Costa','567.890.123-44','(51) 95543-2109','eliete.costa@example.com',1,'2024-10-21 21:09:56'),(6,'Fernando Lima','678.901.234-55','(61) 94432-1098','fernando.lima@example.com',1,'2024-10-21 21:09:56'),(7,'Gabriela Rocha','789.012.345-66','(71) 93321-0987','gabriela.rocha@example.com',1,'2024-10-21 21:09:56'),(8,'Henrique Alves','890.123.456-77','(81) 92210-9876','henrique.alves@example.com',1,'2024-10-21 21:09:56'),(9,'Isabela Martins','901.234.567-88','(91) 91109-8765','isabela.martins@example.com',1,'2024-10-21 21:09:56'),(10,'Jorge Ferreira','012.345.678-99','(02) 90098-7654','jorge.ferreira@example.com',1,'2024-10-21 21:09:56'),(11,'Karina Mendes','123.456.789-01','(12) 88987-6543','karina.mendes@example.com',1,'2024-10-21 21:09:56'),(12,'Lucas Dias','234.567.890-12','(22) 87876-5432','lucas.dias@example.com',1,'2024-10-21 21:09:56'),(13,'Marta Nascimento','345.678.901-23','(32) 86765-4321','marta.nascimento@example.com',1,'2024-10-21 21:09:56'),(14,'Nicolas Gomes','456.789.012-34','(42) 85654-3210','nicolas.gomes@example.com',1,'2024-10-21 21:09:56'),(15,'Olivia Lima','567.890.123-45','(52) 84543-2109','olivia.lima@example.com',1,'2024-10-21 21:09:56'),(16,'Paulo Henrique','678.901.234-56','(62) 83432-1098','paulo.henrique@example.com',1,'2024-10-21 21:09:56'),(17,'Quiteria Rocha','789.012.345-67','(72) 82321-0987','quiteria.rocha@example.com',1,'2024-10-21 21:09:56'),(18,'Rafael Pinto','890.123.456-78','(82) 81210-9876','rafael.pinto@example.com',1,'2024-10-21 21:09:56'),(19,'Sofia Carvalho','901.234.567-89','(92) 80109-8765','sofia.carvalho@example.com',1,'2024-10-21 21:09:56'),(20,'Tiago Barros','012.345.678-90','(03) 79098-7654','tiago.barros@example.com',1,'2024-10-21 21:09:56'),(21,'Ursula Almeida','123.456.789-02','(13) 78987-6543','ursula.almeida@example.com',1,'2024-10-21 21:09:56'),(22,'Vinicius Martins','234.567.890-13','(23) 77876-5432','vinicius.martins@example.com',1,'2024-10-21 21:09:56'),(23,'Wendy Costa','345.678.901-24','(33) 76765-4321','wendy.costa@example.com',1,'2024-10-21 21:09:56'),(24,'Xuxa Ferreira','456.789.012-35','(43) 75654-3210','xuxa.ferreira@example.com',1,'2024-10-21 21:09:56'),(25,'Yasmin Souza','567.890.123-46','(53) 74543-2109','yasmin.souza@example.com',1,'2024-10-21 21:09:56'),(26,'Zé Carlos','678.901.234-57','(63) 73432-1098','ze.carlos@example.com',1,'2024-10-21 21:09:56'),(27,'Aline Reis','789.012.345-68','(73) 72321-0987','aline.reis@example.com',1,'2024-10-21 21:09:56'),(28,'Bruno Camargo','890.123.456-79','(83) 71210-9876','bruno.camargo@example.com',1,'2024-10-21 21:09:56'),(29,'Claudia Ribeiro','901.234.567-80','(93) 70109-8765','claudia.ribeiro@example.com',1,'2024-10-21 21:09:56'),(30,'Diego Pacheco','012.345.678-91','(04) 69098-7654','diego.pacheco@example.com',1,'2024-10-21 21:09:56'),(31,'Eliana Franco','123.456.789-03','(14) 68987-6543','eliana.franco@example.com',1,'2024-10-21 21:09:56'),(32,'Felipe Santos','234.567.890-14','(24) 67876-5432','felipe.santos@example.com',1,'2024-10-21 21:09:56'),(33,'Gustavo Martins','345.678.901-25','(34) 66765-4321','gustavo.martins@example.com',1,'2024-10-21 21:09:56'),(34,'Helena Almeida','456.789.012-36','(44) 65654-3210','helena.almeida@example.com',1,'2024-10-21 21:09:56'),(35,'Igor Gomes','567.890.123-47','(54) 64543-2109','igor.gomes@example.com',1,'2024-10-21 21:09:56'),(36,'Juliana Costa','678.901.234-58','(64) 63432-1098','juliana.costa@example.com',1,'2024-10-21 21:09:56'),(37,'Kleber Dias','789.012.345-69','(74) 62321-0987','kleber.dias@example.com',1,'2024-10-21 21:09:56'),(38,'Larissa Nascimento','890.123.456-70','(84) 61210-9876','larissa.nascimento@example.com',1,'2024-10-21 21:09:56'),(39,'Marcio Barros','901.234.567-81','(94) 60109-8765','marcio.barros@example.com',1,'2024-10-21 21:09:57'),(40,'Natália Ferreira','012.345.678-92','(05) 59098-7654','natalia.ferreira@example.com',1,'2024-10-21 21:09:57'),(41,'Otávio Souza','123.456.789-04','(15) 58987-6543','otavio.souza@example.com',1,'2024-10-21 21:09:57'),(42,'Patrícia Lima','234.567.890-15','(25) 57876-5432','patricia.lima@example.com',1,'2024-10-21 21:09:57'),(43,'Quirino Almeida','345.678.901-26','(35) 56765-4321','quirino.almeida@example.com',1,'2024-10-21 21:09:57'),(44,'Rita Silva','456.789.012-37','(45) 55654-3210','rita.silva@example.com',1,'2024-10-21 21:09:57'),(45,'Samuel Rocha','567.890.123-48','(55) 54543-2109','samuel.rocha@example.com',1,'2024-10-21 21:09:57'),(46,'Tatiane Mendes','678.901.234-59','(65) 53432-1098','tatiane.mendes@example.com',1,'2024-10-21 21:09:57'),(47,'Ulysses Santos','789.012.345-60','(75) 52321-0987','ulysses.santos@example.com',1,'2024-10-21 21:09:57'),(48,'Vera Oliveira','890.123.456-71','(85) 51210-9876','vera.oliveira@example.com',1,'2024-10-21 21:09:57'),(49,'Wagner Almeida','901.234.567-82','(95) 50109-8765','wagner.almeida@example.com',1,'2024-10-21 21:09:57'),(50,'Ximena Costa','012.345.678-93','(06) 49098-7654','ximena.costa@example.com',1,'2024-10-21 21:09:57'),(51,'Yuri Ferreira','123.456.789-05','(16) 48987-6543','yuri.ferreira@example.com',1,'2024-10-21 21:09:57'),(52,'Zilda Martins','234.567.890-16','(26) 47876-5432','zilda.martins@example.com',1,'2024-10-21 21:09:57'),(53,'Alberto Gomes','345.678.901-27','(36) 46765-4321','alberto.gomes@example.com',1,'2024-10-21 21:09:57'),(54,'Beatriz Costa','456.789.012-38','(46) 45654-3210','beatriz.costa@example.com',1,'2024-10-21 21:09:57'),(55,'Cecília Barros','567.890.123-49','(56) 44543-2109','cecilia.barros@example.com',1,'2024-10-21 21:09:57'),(56,'Dario Nascimento','678.901.234-50','(66) 43432-1098','dario.nascimento@example.com',1,'2024-10-21 21:09:57'),(57,'Emília Lima','789.012.345-61','(76) 42321-0987','emilia.lima@example.com',1,'2024-10-21 21:09:57'),(58,'Fábio Santos','890.123.456-72','(86) 41210-9876','fabio.santos@example.com',1,'2024-10-21 21:09:57'),(59,'Geovana Almeida','901.234.567-83','(96) 40109-8765','geovana.almeida@example.com',1,'2024-10-21 21:09:57'),(60,'Henriqueta Ferreira','012.345.678-94','(07) 39098-7654','henriqueta.ferreira@example.com',1,'2024-10-21 21:09:57'),(61,'Irmão Costa','123.456.789-06','(17) 38987-6543','irmao.costa@example.com',1,'2024-10-21 21:09:57'),(62,'João Pedro','234.567.890-17','(27) 37876-5432','joao.pedro@example.com',1,'2024-10-21 21:09:57'),(63,'Katia Dias','345.678.901-28','(37) 36765-4321','katia.dias@example.com',1,'2024-10-21 21:09:57'),(64,'Lúcio Nascimento','456.789.012-39','(47) 35654-3210','lucio.nascimento@example.com',1,'2024-10-21 21:09:57'),(65,'Miriam Lima','567.890.123-40','(57) 34543-2109','miriam.lima@example.com',1,'2024-10-21 21:09:57'),(66,'Noemi Santos','678.901.234-51','(67) 33432-1098','noemi.santos@example.com',1,'2024-10-21 21:09:57'),(67,'Otávio Ferreira','789.012.345-62','(77) 32321-0987','otavio.ferreira@example.com',1,'2024-10-21 21:09:57'),(68,'Patrício Almeida','890.123.456-73','(87) 31210-9876','patricio.almeida@example.com',1,'2024-10-21 21:09:57'),(69,'Quatro Costa','901.234.567-84','(97) 30109-8765','quatro.costa@example.com',1,'2024-10-21 21:09:57'),(70,'Renata Lima','012.345.678-95','(08) 29098-7654','renata.lima@example.com',1,'2024-10-21 21:09:57'),(71,'Sérgio Santos','123.456.789-07','(18) 28987-6543','sergio.santos@example.com',1,'2024-10-21 21:09:57'),(72,'Talita Oliveira','234.567.890-18','(28) 27876-5432','talita.oliveira@example.com',1,'2024-10-21 21:09:57'),(73,'Ulisses Ferreira','345.678.901-29','(38) 26765-4321','ulisses.ferreira@example.com',1,'2024-10-21 21:09:57'),(74,'Vânia Martins','456.789.012-30','(48) 25654-3210','vania.martins@example.com',1,'2024-10-21 21:09:57'),(75,'Wanda Nascimento','567.890.123-41','(58) 24543-2109','wanda.nascimento@example.com',1,'2024-10-21 21:09:57'),(76,'Xuxa Dias','678.901.234-52','(68) 23432-1098','xuxa.dias@example.com',1,'2024-10-21 21:09:57'),(77,'Yara Souza','789.012.345-63','(78) 22321-0987','yara.souza@example.com',1,'2024-10-21 21:09:57'),(78,'Zanoni Costa','890.123.456-74','(88) 21210-9876','zanoni.costa@example.com',1,'2024-10-21 21:09:57'),(79,'Aline Ferreira','901.234.567-85','(98) 20109-8765','aline.ferreira@example.com',1,'2024-10-21 21:09:57'),(80,'Bruno Almeida','012.345.678-96','(09) 19098-7654','bruno.almeida@example.com',1,'2024-10-21 21:09:57'),(81,'Cíntia Martins','123.456.789-08','(19) 18987-6543','cintia.martins@example.com',1,'2024-10-21 21:09:57'),(82,'Danilo Souza','234.567.890-19','(29) 17876-5432','danilo.souza@example.com',1,'2024-10-21 21:09:57'),(83,'Ester Costa','345.678.901-20','(39) 16765-4321','ester.costa@example.com',1,'2024-10-21 21:09:57'),(84,'Fernando Gomes','456.789.012-31','(49) 15654-3210','fernando.gomes@example.com',1,'2024-10-21 21:09:57'),(85,'Giovana Ferreira','567.890.123-42','(59) 14543-2109','giovana.ferreira@example.com',1,'2024-10-21 21:09:57'),(86,'Hugo Nascimento','678.901.234-53','(69) 13432-1098','hugo.nascimento@example.com',1,'2024-10-21 21:09:57'),(87,'Iara Barros','789.012.345-64','(79) 12321-0987','iara.barros@example.com',1,'2024-10-21 21:09:57'),(88,'Júlio Mendes','890.123.456-75','(89) 11210-9876','julio.mendes@example.com',1,'2024-10-21 21:09:57'),(89,'Karla Oliveira','901.234.567-86','(99) 10109-8765','karla.oliveira@example.com',1,'2024-10-21 21:09:57'),(90,'Leandro Almeida','012.345.678-97','(10) 09098-7654','leandro.almeida@example.com',1,'2024-10-21 21:09:57'),(91,'Mário Ferreira','123.456.789-09','(20) 08987-6543','mario.ferreira@example.com',1,'2024-10-21 21:09:57'),(92,'Núria Costa','234.567.890-20','(30) 07876-5432','nuria.costa@example.com',1,'2024-10-21 21:09:57'),(93,'Olga Santos','345.678.901-31','(40) 06765-4321','olga.santos@example.com',1,'2024-10-21 21:09:57'),(94,'Paula Lima','456.789.012-42','(50) 05654-3210','paula.lima@example.com',1,'2024-10-21 21:09:57'),(95,'Quintino Nascimento','567.890.123-53','(60) 04543-2109','quintino.nascimento@example.com',1,'2024-10-21 21:09:57'),(96,'Rogério Gomes','678.901.234-64','(70) 03432-1098','rogerio.gomes@example.com',1,'2024-10-21 21:09:57'),(97,'Silvana Ferreira','789.012.345-75','(80) 02321-0987','silvana.ferreira@example.com',1,'2024-10-21 21:09:57'),(98,'Tânia Barros','890.123.456-86','(90) 01210-9876','tania.barros@example.com',1,'2024-10-21 21:09:57'),(99,'Urbano Costa','901.234.567-97','(01) 90109-8765','urbano.costa@example.com',1,'2024-10-21 21:09:57'),(100,'Valéria Almeida','012.345.678-98','(11) 89098-7654','valeria.almeida@example.com',1,'2024-10-21 21:09:57'),(101,'Wilma Santos','123.456.789-10','(21) 88987-6543','wilma.santos@example.com',1,'2024-10-21 21:09:57'),(102,'Xander Lima','234.567.890-21','(31) 87876-5432','xander.lima@example.com',1,'2024-10-21 21:09:57'),(103,'Yolanda Nascimento','345.678.901-32','(41) 86765-4321','yolanda.nascimento@example.com',1,'2024-10-21 21:09:57'),(104,'Zenaide Ferreira','456.789.012-43','(51) 85654-3210','zenaide.ferreira@example.com',1,'2024-10-21 21:09:57'),(105,'Alfredo Costa','567.890.123-54','(61) 84543-2109','alfredo.costa@example.com',1,'2024-10-21 21:09:57'),(106,'Bela Martins','678.901.234-65','(71) 83432-1098','bela.martins@example.com',1,'2024-10-21 21:09:57'),(107,'César Almeida','789.012.345-76','(81) 82321-0987','cesar.almeida@example.com',1,'2024-10-21 21:09:57'),(108,'Daniele Rocha','890.123.456-87','(91) 81210-9876','daniele.rocha@example.com',1,'2024-10-21 21:09:57'),(109,'Emanuel Santos','901.234.567-98','(02) 80109-8765','emanuel.santos@example.com',1,'2024-10-21 21:09:57'),(110,'Fátima Nascimento','012.345.678-99','(12) 79098-7654','fatima.nascimento@example.com',1,'2024-10-21 21:09:57'),(111,'Geraldo Oliveira','123.456.789-11','(22) 78987-6543','geraldo.oliveira@example.com',1,'2024-10-21 21:09:57'),(112,'Heloísa Ferreira','234.567.890-12','(32) 77876-5432','heloisa.ferreira@example.com',1,'2024-10-21 21:09:57'),(113,'Ivo Dias','345.678.901-23','(42) 76765-4321','ivo.dias@example.com',1,'2024-10-21 21:09:57'),(114,'Jéssica Lima','456.789.012-34','(52) 75654-3210','jessica.lima@example.com',1,'2024-10-21 21:09:57'),(115,'Kiko Barros','567.890.123-45','(62) 74543-2109','kiko.barros@example.com',1,'2024-10-21 21:09:57'),(116,'Laila Costa','678.901.234-56','(72) 73432-1098','laila.costa@example.com',1,'2024-10-21 21:09:57'),(117,'Mário Ferreira','789.012.345-67','(82) 72321-0987','mario.ferreira@example.com',1,'2024-10-21 21:09:57'),(118,'Nina Oliveira','890.123.456-78','(92) 71210-9876','nina.oliveira@example.com',1,'2024-10-21 21:09:57'),(119,'Otto Almeida','901.234.567-89','(02) 70109-8765','otto.almeida@example.com',1,'2024-10-21 21:09:57'),(120,'Patrício Nascimento','012.345.678-90','(12) 69098-7654','patricio.nascimento@example.com',1,'2024-10-21 21:09:57'),(121,'Quela Santos','123.456.789-01','(22) 68987-6543','quela.santos@example.com',1,'2024-10-21 21:09:57'),(122,'Rafaela Lima','234.567.890-12','(32) 67876-5432','rafaela.lima@example.com',1,'2024-10-21 21:09:57'),(123,'Sidney Ferreira','345.678.901-23','(42) 66765-4321','sidney.ferreira@example.com',1,'2024-10-21 21:09:57'),(124,'Tamires Costa','456.789.012-34','(52) 65654-3210','tamires.costa@example.com',1,'2024-10-21 21:09:57'),(125,'Uliana Barros','567.890.123-45','(62) 64543-2109','uliana.barros@example.com',1,'2024-10-21 21:09:57'),(126,'Victor Almeida','678.901.234-56','(72) 63432-1098','victor.almeida@example.com',1,'2024-10-21 21:09:57'),(127,'Winston Santos','789.012.345-67','(82) 62321-0987','winston.santos@example.com',1,'2024-10-21 21:09:57'),(128,'Xaviera Lima','890.123.456-78','(92) 61210-9876','xaviera.lima@example.com',1,'2024-10-21 21:09:57'),(129,'Yuri Ferreira','901.234.567-89','(02) 60109-8765','yuri.ferreira@example.com',1,'2024-10-21 21:09:57'),(130,'Zita Costa','012.345.678-90','(12) 59098-7654','zita.costa@example.com',1,'2024-10-21 21:09:57'),(131,'André Almeida','123.456.789-01','(22) 58987-6543','andre.almeida@example.com',1,'2024-10-21 21:09:57'),(132,'Bea Martins','234.567.890-12','(32) 57876-5432','bea.martins@example.com',1,'2024-10-21 21:09:57'),(133,'Carla Ferreira','345.678.901-23','(42) 56765-4321','carla.ferreira@example.com',1,'2024-10-21 21:09:57'),(134,'Diana Lima','456.789.012-34','(52) 55654-3210','diana.lima@example.com',1,'2024-10-21 21:09:57'),(135,'Elias Almeida','567.890.123-45','(62) 54543-2109','elias.almeida@example.com',1,'2024-10-21 21:09:57'),(136,'Felipe Costa','678.901.234-56','(72) 53432-1098','felipe.costa@example.com',1,'2024-10-21 21:09:57'),(137,'Gabriela Nascimento','789.012.345-67','(82) 52321-0987','gabriela.nascimento@example.com',1,'2024-10-21 21:09:57'),(138,'Henrique Santos','890.123.456-78','(92) 51210-9876','henrique.santos@example.com',1,'2024-10-21 21:09:57'),(139,'Iris Oliveira','901.234.567-89','(02) 50109-8765','iris.oliveira@example.com',1,'2024-10-21 21:09:57'),(140,'Jasmine Barros','012.345.678-90','(12) 49098-7654','jasmine.barros@example.com',1,'2024-10-21 21:09:57'),(141,'Kurt Almeida','123.456.789-01','(22) 48987-6543','kurt.almeida@example.com',1,'2024-10-21 21:09:57'),(142,'Luiza Ferreira','234.567.890-12','(32) 47876-5432','luiza.ferreira@example.com',1,'2024-10-21 21:09:57'),(143,'Marco Costa','345.678.901-23','(42) 46765-4321','marco.costa@example.com',1,'2024-10-21 21:09:57'),(144,'Núria Almeida','456.789.012-34','(52) 45654-3210','nuria.almeida@example.com',1,'2024-10-21 21:09:57'),(145,'Otávio Santos','567.890.123-45','(62) 44543-2109','otavio.santos@example.com',1,'2024-10-21 21:09:57'),(146,'Paula Ferreira','678.901.234-56','(72) 43432-1098','paula.ferreira@example.com',1,'2024-10-21 21:09:57'),(147,'Quim Barros','789.012.345-67','(82) 42321-0987','quim.barros@example.com',1,'2024-10-21 21:09:57'),(148,'Renato Lima','890.123.456-78','(92) 41210-9876','renato.lima@example.com',1,'2024-10-21 21:09:57'),(149,'Simone Santos','901.234.567-89','(02) 40109-8765','simone.santos@example.com',1,'2024-10-21 21:09:57'),(150,'Tadeu Ferreira','012.345.678-90','(12) 39098-7654','tadeu.ferreira@example.com',1,'2024-10-21 21:09:57'),(151,'Ulysses Costa','123.456.789-01','(22) 38987-6543','ulysses.costa@example.com',1,'2024-10-21 21:09:57'),(152,'Valdir Nascimento','234.567.890-12','(32) 37876-5432','valdir.nascimento@example.com',1,'2024-10-21 21:09:57'),(153,'Wanda Lima','345.678.901-23','(42) 36765-4321','wanda.lima@example.com',1,'2024-10-21 21:09:57'),(154,'Xuxa Santos','456.789.012-34','(52) 35654-3210','xuxa.santos@example.com',1,'2024-10-21 21:09:57'),(155,'Yara Barros','567.890.123-45','(62) 34543-2109','yara.barros@example.com',1,'2024-10-21 21:09:57'),(156,'Zélia Ferreira','678.901.234-56','(72) 33432-1098','zelia.ferreira@example.com',1,'2024-10-21 21:09:57'),(157,'Ana Silva','123.456.789-00','(11) 91234-5678','ana.silva@email.com',1,'2024-10-21 21:28:40'),(158,'João Pereira','234.567.890-01','(11) 92345-6789','joao.pereira@email.com',1,'2024-10-21 21:28:40'),(159,'Maria Oliveira','345.678.901-02','(11) 93456-7890','maria.oliveira@email.com',1,'2024-10-21 21:28:40'),(160,'Carlos Santos','456.789.012-03','(11) 94567-8901','carlos.santos@email.com',1,'2024-10-21 21:28:40'),(161,'Fernanda Lima','567.890.123-04','(11) 95678-9012','fernanda.lima@email.com',1,'2024-10-21 21:28:40'),(162,'Rafael Costa','678.901.234-05','(11) 96789-0123','rafael.costa@email.com',1,'2024-10-21 21:28:40'),(163,'Tatiane Rocha','789.012.345-06','(11) 97890-1234','tatiane.rocha@email.com',1,'2024-10-21 21:28:40'),(164,'Lucas Almeida','890.123.456-07','(11) 98901-2345','lucas.almeida@email.com',1,'2024-10-21 21:28:40'),(165,'Juliana Martins','901.234.567-08','(11) 99123-3456','juliana.martins@email.com',1,'2024-10-21 21:28:40'),(166,'Roberto Souza','012.345.678-09','(11) 99234-4567','roberto.souza@email.com',1,'2024-10-21 21:28:40'),(167,'Larissa Santos','123.456.789-10','(11) 99345-5678','larissa.santos@email.com',1,'2024-10-21 21:28:40'),(168,'Eduardo Ferreira','234.567.890-11','(11) 99456-6789','eduardo.ferreira@email.com',0,'2024-10-21 21:28:40'),(169,'Patrícia Mendes','345.678.901-12','(11) 99567-7890','patricia.mendes@email.com',1,'2024-10-21 21:28:40'),(170,'André Gomes','456.789.012-13','(11) 99678-8901','andre.gomes@email.com',1,'2024-10-21 21:28:40'),(171,'Sofia Lima','567.890.123-14','(11) 99789-9012','sofia.lima@email.com',1,'2024-10-21 21:28:40'),(172,'Gustavo Barros','678.901.234-15','(11) 99890-0123','gustavo.barros@email.com',1,'2024-10-21 21:28:40'),(173,'Camila Ribeiro','789.012.345-16','(11) 99901-1234','camila.ribeiro@email.com',1,'2024-10-21 21:28:40'),(174,'Felipe Nascimento','890.123.456-17','(11) 91234-5679','felipe.nascimento@email.com',1,'2024-10-21 21:28:40'),(175,'Cláudia Martins','901.234.567-18','(11) 92345-6780','claudia.martins@email.com',1,'2024-10-21 21:28:40'),(176,'Thiago Rodrigues','012.345.678-19','(11) 93456-7891','thiago.rodrigues@email.com',1,'2024-10-21 21:28:40'),(177,'Mariana Alves','123.456.789-20','(11) 94567-8902','mariana.alves@email.com',1,'2024-10-21 21:28:40'),(178,'Leonardo Silva','234.567.890-21','(11) 95678-9013','leonardo.silva@email.com',1,'2024-10-21 21:28:40'),(179,'Juliana Ferreira','345.678.901-22','(11) 96789-0124','juliana.ferreira@email.com',1,'2024-10-21 21:28:40'),(180,'Ricardo Costa','456.789.012-23','(11) 97890-1235','ricardo.costa@email.com',1,'2024-10-21 21:28:40'),(181,'Bruna Oliveira','567.890.123-24','(11) 98901-2346','bruna.oliveira@email.com',1,'2024-10-21 21:28:40'),(182,'Marcelo Lima','678.901.234-25','(11) 99123-3457','marcelo.lima@email.com',1,'2024-10-21 21:28:40'),(183,'Tatiane Santos','789.012.345-26','(11) 99234-4568','tatiane.santos@email.com',1,'2024-10-21 21:28:40'),(184,'Victor Almeida','890.123.456-27','(11) 99345-5679','victor.almeida@email.com',1,'2024-10-21 21:28:40'),(185,'Aline Martins','901.234.567-28','(11) 99456-6780','aline.martins@email.com',1,'2024-10-21 21:28:40'),(186,'Sérgio Ferreira','012.345.678-29','(11) 99567-7891','sergio.ferreira@email.com',1,'2024-10-21 21:28:40'),(187,'Fernanda Costa','123.456.789-30','(11) 99678-8902','fernanda.costa@email.com',1,'2024-10-21 21:28:40'),(188,'Gabriel Santos','234.567.890-31','(11) 99789-9013','gabriel.santos@email.com',1,'2024-10-21 21:28:40'),(189,'Jéssica Almeida','345.678.901-32','(11) 99890-0124','jessica.almeida@email.com',1,'2024-10-21 21:28:40'),(190,'Nathália Lima','456.789.012-33','(11) 99901-1235','nathalia.lima@email.com',1,'2024-10-21 21:28:40'),(191,'Fábio Oliveira','567.890.123-34','(11) 91234-5670','fabio.oliveira@email.com',1,'2024-10-21 21:28:40'),(192,'Priscila Barros','678.901.234-35','(11) 92345-6781','priscila.barros@email.com',1,'2024-10-21 21:28:40'),(193,'Danilo Rocha','789.012.345-36','(11) 93456-7892','danilo.rocha@email.com',1,'2024-10-21 21:28:40'),(194,'Gisele Nascimento','890.123.456-37','(11) 94567-8903','gisele.nascimento@email.com',1,'2024-10-21 21:28:40'),(195,'Nicolas Ferreira','901.234.567-38','(11) 95678-9014','nicolas.ferreira@email.com',1,'2024-10-21 21:28:40'),(196,'Luan Santos','012.345.678-39','(11) 96789-0125','luan.santos@email.com',1,'2024-10-21 21:28:40'),(197,'Samanta Lima','123.456.789-40','(11) 97890-1236','samanta.lima@email.com',1,'2024-10-21 21:28:40'),(198,'Julio Costa','234.567.890-41','(11) 98901-2347','julio.costa@email.com',1,'2024-10-21 21:28:40'),(199,'Carla Almeida','345.678.901-42','(11) 99123-3458','carla.almeida@email.com',1,'2024-10-21 21:28:40'),(200,'Fernando Barros','456.789.012-43','(11) 99234-4569','fernando.barros@email.com',1,'2024-10-21 21:28:40'),(201,'Raquel Martins','567.890.123-44','(11) 99345-5670','raquel.martins@email.com',1,'2024-10-21 21:28:40'),(202,'Marcos Oliveira','678.901.234-45','(11) 99456-6781','marcos.oliveira@email.com',1,'2024-10-21 21:28:40'),(203,'Cynthia Costa','789.012.345-46','(11) 99567-7892','cynthia.costa@email.com',1,'2024-10-21 21:28:40'),(204,'Anderson Nascimento','890.123.456-47','(11) 99678-8903','anderson.nascimento@email.com',1,'2024-10-21 21:28:40'),(205,'Helena Ferreira','901.234.567-48','(11) 99789-9014','helena.ferreira@email.com',1,'2024-10-21 21:28:40'),(206,'Rogério Santos','012.345.678-49','(11) 99890-0125','rogerio.santos@email.com',1,'2024-10-21 21:28:40'),(207,'Vanessa Lima','123.456.789-50','(11) 99901-1236','vanessa.lima@email.com',1,'2024-10-21 21:28:40'),(208,'Marcio Almeida','234.567.890-51','(11) 91234-5671','marcio.almeida@email.com',1,'2024-10-21 21:28:40'),(209,'Bruno Silva','345.678.901-52','(11) 92345-6782','bruno.silva@email.com',1,'2024-10-21 21:28:40'),(210,'Eliane Ferreira','456.789.012-53','(11) 93456-7893','eliane.ferreira@email.com',1,'2024-10-21 21:28:40'),(211,'Juliano Costa','567.890.123-54','(11) 94567-8904','juliano.costa@email.com',1,'2024-10-21 21:28:40'),(212,'Roberta Barros','678.901.234-55','(11) 95678-9015','roberta.barros@email.com',1,'2024-10-21 21:28:40'),(213,'Diego Santos','789.012.345-56','(11) 96789-0126','diego.santos@email.com',1,'2024-10-21 21:28:40'),(214,'Marta Oliveira','890.123.456-57','(11) 97890-1237','marta.oliveira@email.com',1,'2024-10-21 21:28:40'),(215,'Leonardo Lima','901.234.567-58','(11) 98901-2348','leonardo.lima@email.com',1,'2024-10-21 21:28:40'),(216,'Sabrina Ferreira','012.345.678-59','(11) 99123-3459','sabrina.ferreira@email.com',1,'2024-10-21 21:28:40'),(217,'Cláudio Santos','123.456.789-60','(11) 99234-4560','claudio.santos@email.com',1,'2024-10-21 21:28:40'),(218,'Vanessa Rocha','234.567.890-61','(11) 99345-5671','vanessa.rocha@email.com',1,'2024-10-21 21:28:40'),(219,'Fábio Almeida','345.678.901-62','(11) 99456-6782','fabio.almeida@email.com',1,'2024-10-21 21:28:40'),(220,'Eliane Costa','456.789.012-63','(11) 99567-7893','eliane.costa@email.com',1,'2024-10-21 21:28:40'),(221,'Renato Nascimento','567.890.123-64','(11) 99678-8904','renato.nascimento@email.com',1,'2024-10-21 21:28:40'),(222,'Tatiane Barros','678.901.234-65','(11) 99789-9015','tatiane.barros@email.com',1,'2024-10-21 21:28:40'),(223,'César Ferreira','789.012.345-66','(11) 99890-0126','cesar.ferreira@email.com',1,'2024-10-21 21:28:40'),(224,'Marisa Lima','890.123.456-67','(11) 99901-1237','marisa.lima@email.com',1,'2024-10-21 21:28:40'),(225,'Douglas Costa','901.234.567-68','(11) 91234-5672','douglas.costa@email.com',1,'2024-10-21 21:28:40'),(226,'Caroline Santos','012.345.678-69','(11) 92345-6783','caroline.santos@email.com',1,'2024-10-21 21:28:40'),(227,'Rafael Barros','123.456.789-70','(11) 93456-7894','rafael.barros@email.com',1,'2024-10-21 21:28:40'),(228,'Luiz Oliveira','234.567.890-71','(11) 94567-8905','luiz.oliveira@email.com',1,'2024-10-21 21:28:40'),(229,'Kátia Ferreira','345.678.901-72','(11) 95678-9016','katia.ferreira@email.com',1,'2024-10-21 21:28:40'),(230,'Leonardo Costa','456.789.012-73','(11) 96789-0127','leonardo.costa@email.com',1,'2024-10-21 21:28:40'),(231,'Luciana Lima','567.890.123-74','(11) 97890-1238','luciana.lima@email.com',1,'2024-10-21 21:28:40'),(232,'Gabriel Nascimento','678.901.234-75','(11) 98901-2349','gabriel.nascimento@email.com',1,'2024-10-21 21:28:40'),(233,'Raul Santos','789.012.345-76','(11) 99123-3460','raul.santos@email.com',1,'2024-10-21 21:28:40'),(234,'Michele Barros','890.123.456-77','(11) 99234-4561','michele.barros@email.com',1,'2024-10-21 21:28:40'),(235,'Simone Ferreira','901.234.567-78','(11) 99345-5672','simone.ferreira@email.com',1,'2024-10-21 21:28:40'),(236,'João Pedro Lima','012.345.678-79','(11) 99456-6783','joaopedro.lima@email.com',1,'2024-10-21 21:28:40'),(237,'Adriana Almeida','123.456.789-80','(11) 99567-7894','adriana.almeida@email.com',1,'2024-10-21 21:28:40'),(238,'Marcio Santos','234.567.890-81','(11) 99678-8905','marcio.santos@email.com',1,'2024-10-21 21:28:40'),(239,'Renata Costa','345.678.901-82','(11) 99789-9016','renata.costa@email.com',1,'2024-10-21 21:28:40'),(240,'Bruno Nascimento','456.789.012-83','(11) 99890-0127','bruno.nascimento@email.com',1,'2024-10-21 21:28:40'),(241,'Cristina Barros','567.890.123-84','(11) 99901-1238','cristina.barros@email.com',1,'2024-10-21 21:28:40'),(242,'Vinícius Ferreira','678.901.234-85','(11) 91234-5673','vinicius.ferreira@email.com',1,'2024-10-21 21:28:40'),(243,'Helena Almeida','789.012.345-86','(11) 92345-6784','helena.almeida@email.com',1,'2024-10-21 21:28:40'),(244,'Marta Costa','890.123.456-87','(11) 93456-7895','marta.costa@email.com',1,'2024-10-21 21:28:40'),(245,'Leonardo Santos','901.234.567-88','(11) 94567-8906','leonardo.santos@email.com',1,'2024-10-21 21:28:40'),(246,'Jussara Lima','012.345.678-89','(11) 95678-9017','jussara.lima@email.com',1,'2024-10-21 21:28:40'),(247,'Tiago Ferreira','123.456.789-90','(11) 96789-0128','tiago.ferreira@email.com',1,'2024-10-21 21:28:40'),(248,'Sabrina Nascimento','234.567.890-91','(11) 97890-1239','sabrina.nascimento@email.com',1,'2024-10-21 21:28:40'),(249,'Gabriel Almeida','345.678.901-92','(11) 98901-2340','gabriel.almeida@email.com',1,'2024-10-21 21:28:40'),(250,'Natália Barros','456.789.012-93','(11) 99123-3461','natalia.barros@email.com',1,'2024-10-21 21:28:40'),(251,'Igor Santos','567.890.123-94','(11) 99234-4562','igor.santos@email.com',1,'2024-10-21 21:28:40'),(252,'Marcel Ferreira','678.901.234-95','(11) 99345-5673','marcel.ferreira@email.com',1,'2024-10-21 21:28:40'),(253,'Célia Costa','789.012.345-96','(11) 99456-6784','celia.costa@email.com',1,'2024-10-21 21:28:40'),(254,'Diego Lima','890.123.456-97','(11) 99567-7895','diego.lima@email.com',1,'2024-10-21 21:28:40'),(255,'Priscila Nascimento','901.234.567-98','(11) 99678-8906','priscila.nascimento@email.com',1,'2024-10-21 21:28:40'),(256,'Tânia Barros','012.345.678-99','(11) 99789-9017','tania.barros@email.com',1,'2024-10-21 21:28:40'),(257,'Lucas Ferreira','123.456.789-100','(11) 99890-0128','lucas.ferreira@email.com',1,'2024-10-21 21:28:40'),(258,'Lívia Santos','234.567.890-101','(11) 99901-1239','livia.santos@email.com',1,'2024-10-21 21:28:40'),(259,'Fábio Almeida','345.678.901-102','(11) 91234-5674','fabio.almeida@email.com',1,'2024-10-21 21:28:40'),(260,'Marina Costa','456.789.012-103','(11) 92345-6785','marina.costa@email.com',1,'2024-10-21 21:28:40'),(261,'Samuel Nascimento','567.890.123-104','(11) 93456-7896','samuel.nascimento@email.com',1,'2024-10-21 21:28:40'),(262,'Tatiane Santos','678.901.234-105','(11) 94567-8907','tatiane.santos@email.com',1,'2024-10-21 21:28:40'),(263,'Felipe Barros','789.012.345-106','(11) 95678-9018','felipe.barros@email.com',1,'2024-10-21 21:28:40'),(264,'Gustavo Lima','890.123.456-107','(11) 96789-0129','gustavo.lima@email.com',1,'2024-10-21 21:28:40'),(265,'Beatriz Ferreira','901.234.567-108','(11) 97890-1240','beatriz.ferreira@email.com',1,'2024-10-21 21:28:40'),(266,'Isabel Costa','012.345.678-109','(11) 98901-2341','isabel.costa@email.com',1,'2024-10-21 21:28:40'),(267,'César Santos','123.456.789-110','(11) 99123-3462','cesar.santos@email.com',1,'2024-10-21 21:28:40'),(268,'Maurício Almeida','234.567.890-111','(11) 99234-4563','mauricio.almeida@email.com',1,'2024-10-21 21:28:40'),(269,'Cristina Barros','345.678.901-112','(11) 99345-5674','cristina.barros@email.com',1,'2024-10-21 21:28:40'),(270,'Jéssica Ferreira','456.789.012-113','(11) 99456-6785','jessica.ferreira@email.com',1,'2024-10-21 21:28:40'),(271,'Sérgio Santos','567.890.123-114','(11) 99567-7896','sergio.santos@email.com',1,'2024-10-21 21:28:40'),(272,'Gabriela Lima','678.901.234-115','(11) 99678-8907','gabriela.lima@email.com',1,'2024-10-21 21:28:40'),(273,'Vitor Nascimento','789.012.345-116','(11) 99789-9018','vitor.nascimento@email.com',1,'2024-10-21 21:28:40'),(274,'Lívia Almeida','890.123.456-117','(11) 99890-0129','livia.almeida@email.com',1,'2024-10-21 21:28:40'),(275,'Eduardo Ferreira','901.234.567-118','(11) 99901-1240','eduardo.ferreira@email.com',1,'2024-10-21 21:28:40'),(276,'Fernanda Santos','012.345.678-119','(11) 91234-5675','fernanda.santos@email.com',1,'2024-10-21 21:28:40'),(277,'Juliana Lima','123.456.789-120','(11) 92345-6786','juliana.lima@email.com',1,'2024-10-21 21:28:40'),(278,'Fernando Costa','234.567.890-121','(11) 93456-7897','fernando.costa@email.com',1,'2024-10-21 21:28:40'),(279,'Tatiane Nascimento','345.678.901-122','(11) 94567-8908','tatiane.nascimento@email.com',1,'2024-10-21 21:28:40'),(280,'Raul Almeida','456.789.012-123','(11) 95678-9019','raul.almeida@email.com',1,'2024-10-21 21:28:40'),(281,'Marcio Ferreira','567.890.123-124','(11) 96789-0130','marcio.ferreira@email.com',1,'2024-10-21 21:28:40'),(282,'Sabrina Santos','678.901.234-125','(11) 97890-1241','sabrina.santos@email.com',1,'2024-10-21 21:28:40'),(283,'Gustavo Lima','789.012.345-126','(11) 98901-2342','gustavo.lima@email.com',1,'2024-10-21 21:28:40'),(284,'Gabriel Barros','890.123.456-127','(11) 99123-3463','gabriel.barros@email.com',1,'2024-10-21 21:28:40'),(285,'Cláudio Costa','901.234.567-128','(11) 99234-4564','claudio.costa@email.com',1,'2024-10-21 21:28:40'),(286,'Juliana Almeida','012.345.678-129','(11) 99345-5675','juliana.almeida@email.com',1,'2024-10-21 21:28:40'),(287,'André Santos','123.456.789-130','(11) 99456-6786','andre.santos@email.com',1,'2024-10-21 21:28:40'),(288,'Isabela Lima','234.567.890-131','(11) 99567-7897','isabela.lima@email.com',1,'2024-10-21 21:28:40'),(289,'Lucas Nascimento','345.678.901-132','(11) 99678-8908','lucas.nascimento@email.com',1,'2024-10-21 21:28:40'),(290,'Michele Ferreira','456.789.012-133','(11) 99789-9019','michele.ferreira@email.com',1,'2024-10-21 21:28:40'),(291,'Fabiano Almeida','567.890.123-134','(11) 99890-0120','fabiano.almeida@email.com',1,'2024-10-21 21:28:40'),(292,'Patrícia Santos','678.901.234-135','(11) 99901-1231','patricia.santos@email.com',1,'2024-10-21 21:28:40'),(293,'Marcel Costa','789.012.345-136','(11) 91234-5676','marcel.costa@email.com',1,'2024-10-21 21:28:40'),(294,'Gustavo Barros','890.123.456-137','(11) 92345-6787','gustavo.barros@email.com',1,'2024-10-21 21:28:40'),(295,'Tatiane Nascimento','901.234.567-138','(11) 93456-7898','tatiane.nascimento@email.com',1,'2024-10-21 21:28:40'),(296,'Felipe Lima','012.345.678-139','(11) 94567-8909','felipe.lima@email.com',1,'2024-10-21 21:28:40'),(297,'Mariana Santos','123.456.789-140','(11) 95678-9020','mariana.santos@email.com',1,'2024-10-21 21:28:40'),(298,'Jéssica Ferreira','234.567.890-141','(11) 96789-0131','jessica.ferreira@email.com',1,'2024-10-21 21:28:40'),(299,'Diego Almeida','345.678.901-142','(11) 97890-1242','diego.almeida@email.com',1,'2024-10-21 21:28:40'),(300,'Luana Barros','456.789.012-143','(11) 98901-2343','luana.barros@email.com',1,'2024-10-21 21:28:40'),(301,'Fernando Costa','567.890.123-144','(11) 99123-3464','fernando.costa@email.com',1,'2024-10-21 21:28:40');
/*!40000 ALTER TABLE `clientes` ENABLE KEYS */;
UNLOCK TABLES;
/*!50003 SET @saved_cs_client      = @@character_set_client */ ;
/*!50003 SET @saved_cs_results     = @@character_set_results */ ;
/*!50003 SET @saved_col_connection = @@collation_connection */ ;
/*!50003 SET character_set_client  = utf8mb4 */ ;
/*!50003 SET character_set_results = utf8mb4 */ ;
/*!50003 SET collation_connection  = utf8mb4_0900_ai_ci */ ;
/*!50003 SET @saved_sql_mode       = @@sql_mode */ ;
/*!50003 SET sql_mode              = 'ONLY_FULL_GROUP_BY,STRICT_TRANS_TABLES,NO_ZERO_IN_DATE,NO_ZERO_DATE,ERROR_FOR_DIVISION_BY_ZERO,NO_ENGINE_SUBSTITUTION' */ ;
DELIMITER ;;
/*!50003 CREATE*/ /*!50017 DEFINER=`root`@`localhost`*/ /*!50003 TRIGGER `Valida_CPF_Cliente` BEFORE INSERT ON `clientes` FOR EACH ROW BEGIN
		IF EXISTS (SELECT 1 FROM Clientes WHERE CPF = NEW.CPF) THEN
			SIGNAL SQLSTATE '45000'
			SET MESSAGE_TEXT = 'CPF já cadastrado!';
		END IF;
			END */;;
DELIMITER ;
/*!50003 SET sql_mode              = @saved_sql_mode */ ;
/*!50003 SET character_set_client  = @saved_cs_client */ ;
/*!50003 SET character_set_results = @saved_cs_results */ ;
/*!50003 SET collation_connection  = @saved_col_connection */ ;

--
-- Temporary view structure for view `clientes_ativos`
--

DROP TABLE IF EXISTS `clientes_ativos`;
/*!50001 DROP VIEW IF EXISTS `clientes_ativos`*/;
SET @saved_cs_client     = @@character_set_client;
/*!50503 SET character_set_client = utf8mb4 */;
/*!50001 CREATE VIEW `clientes_ativos` AS SELECT 
 1 AS `id_Cliente`,
 1 AS `Nome`,
 1 AS `CPF`,
 1 AS `Telefone`,
 1 AS `Email`,
 1 AS `Ativo`,
 1 AS `Data_Criacao`*/;
SET character_set_client = @saved_cs_client;

--
-- Temporary view structure for view `clientes_inativos`
--

DROP TABLE IF EXISTS `clientes_inativos`;
/*!50001 DROP VIEW IF EXISTS `clientes_inativos`*/;
SET @saved_cs_client     = @@character_set_client;
/*!50503 SET character_set_client = utf8mb4 */;
/*!50001 CREATE VIEW `clientes_inativos` AS SELECT 
 1 AS `id_Cliente`,
 1 AS `Nome`,
 1 AS `CPF`,
 1 AS `Telefone`,
 1 AS `Email`,
 1 AS `Ativo`,
 1 AS `Data_Criacao`*/;
SET character_set_client = @saved_cs_client;

--
-- Table structure for table `contas`
--

DROP TABLE IF EXISTS `contas`;
/*!40101 SET @saved_cs_client     = @@character_set_client */;
/*!50503 SET character_set_client = utf8mb4 */;
CREATE TABLE `contas` (
  `id_Conta` int NOT NULL AUTO_INCREMENT,
  `Saldo` decimal(10,2) NOT NULL,
  `Encerrada` tinyint NOT NULL DEFAULT '0',
  `Data_Criacao` datetime NOT NULL DEFAULT CURRENT_TIMESTAMP,
  `Tipo` int NOT NULL,
  `Agencia` int NOT NULL,
  `Cliente` int NOT NULL,
  PRIMARY KEY (`id_Conta`),
  KEY `Tipo` (`Tipo`),
  KEY `Agencia` (`Agencia`),
  KEY `Cliente` (`Cliente`),
  CONSTRAINT `contas_ibfk_1` FOREIGN KEY (`Tipo`) REFERENCES `tipos_contas` (`id_Tipo_Conta`),
  CONSTRAINT `contas_ibfk_2` FOREIGN KEY (`Agencia`) REFERENCES `agencias` (`id_Agencia`),
  CONSTRAINT `contas_ibfk_3` FOREIGN KEY (`Cliente`) REFERENCES `clientes` (`id_Cliente`)
) ENGINE=InnoDB AUTO_INCREMENT=452 DEFAULT CHARSET=utf8mb4 COLLATE=utf8mb4_0900_ai_ci;
/*!40101 SET character_set_client = @saved_cs_client */;

--
-- Dumping data for table `contas`
--

LOCK TABLES `contas` WRITE;
/*!40000 ALTER TABLE `contas` DISABLE KEYS */;
INSERT INTO `contas` VALUES (1,900.00,0,'2024-10-21 21:46:13',1,1,1),(2,2500.50,0,'2024-10-21 21:46:13',1,1,2),(3,5000.75,0,'2024-10-21 21:46:13',1,2,3),(4,15000.20,0,'2024-10-21 21:46:13',1,2,4),(5,20000.00,0,'2024-10-21 21:46:13',1,3,5),(6,75000.00,0,'2024-10-21 21:46:13',1,3,6),(7,12345.67,0,'2024-10-21 21:46:13',1,4,7),(8,30000.50,0,'2024-10-21 21:46:13',1,4,8),(9,45000.00,0,'2024-10-21 21:46:13',1,5,9),(10,9999.99,0,'2024-10-21 21:46:13',1,5,10),(11,1500.00,0,'2024-10-21 21:46:13',1,6,11),(12,4000.00,0,'2024-10-21 21:46:13',1,6,12),(13,5500.00,0,'2024-10-21 21:46:13',1,7,13),(14,12000.00,0,'2024-10-21 21:46:13',1,7,14),(15,18000.00,0,'2024-10-21 21:46:13',1,8,15),(16,22500.00,0,'2024-10-21 21:46:13',1,8,16),(17,32000.00,0,'2024-10-21 21:46:13',1,9,17),(18,48000.00,0,'2024-10-21 21:46:13',1,9,18),(19,99999.99,0,'2024-10-21 21:46:13',1,10,19),(20,50000.00,0,'2024-10-21 21:46:13',1,10,20),(21,100.00,0,'2024-10-21 21:46:13',2,1,21),(22,200.00,0,'2024-10-21 21:46:13',2,1,22),(23,300.00,0,'2024-10-21 21:46:13',2,2,23),(24,400.00,0,'2024-10-21 21:46:13',2,2,24),(25,500.00,0,'2024-10-21 21:46:13',2,3,25),(26,600.00,0,'2024-10-21 21:46:13',2,3,26),(27,700.00,0,'2024-10-21 21:46:13',2,4,27),(28,800.00,0,'2024-10-21 21:46:13',2,4,28),(29,900.00,0,'2024-10-21 21:46:13',2,5,29),(30,1000.00,0,'2024-10-21 21:46:13',2,5,30),(31,1500.00,0,'2024-10-21 21:46:13',2,6,31),(32,2000.00,0,'2024-10-21 21:46:13',2,6,32),(33,2500.00,0,'2024-10-21 21:46:13',2,7,33),(34,3000.00,0,'2024-10-21 21:46:13',2,7,34),(35,3500.00,0,'2024-10-21 21:46:13',2,8,35),(36,4000.00,0,'2024-10-21 21:46:13',2,8,36),(37,4500.00,0,'2024-10-21 21:46:13',2,9,37),(38,5000.00,0,'2024-10-21 21:46:13',2,9,38),(39,6000.00,0,'2024-10-21 21:46:13',2,10,39),(40,7000.00,0,'2024-10-21 21:46:13',2,10,40),(41,2500.00,0,'2024-10-21 21:46:13',3,1,41),(42,3500.00,0,'2024-10-21 21:46:13',3,1,42),(43,4500.00,0,'2024-10-21 21:46:13',3,2,43),(44,5500.00,0,'2024-10-21 21:46:13',3,2,44),(45,6500.00,0,'2024-10-21 21:46:13',3,3,45),(46,7500.00,0,'2024-10-21 21:46:13',3,3,46),(47,8500.00,0,'2024-10-21 21:46:13',3,4,47),(48,9500.00,0,'2024-10-21 21:46:13',3,4,48),(49,10500.00,0,'2024-10-21 21:46:13',3,5,49),(50,11500.00,0,'2024-10-21 21:46:13',3,5,50),(51,12500.00,0,'2024-10-21 21:46:13',3,6,51),(52,13500.00,0,'2024-10-21 21:46:13',3,6,52),(53,14500.00,0,'2024-10-21 21:46:13',3,7,53),(54,15500.00,0,'2024-10-21 21:46:13',3,7,54),(55,16500.00,0,'2024-10-21 21:46:13',3,8,55),(56,17500.00,0,'2024-10-21 21:46:13',3,8,56),(57,18500.00,0,'2024-10-21 21:46:13',3,9,57),(58,19500.00,0,'2024-10-21 21:46:13',3,9,58),(59,20500.00,0,'2024-10-21 21:46:13',3,10,59),(60,21500.00,0,'2024-10-21 21:46:13',3,10,60),(61,100.00,0,'2024-10-21 21:46:13',4,1,61),(62,200.00,0,'2024-10-21 21:46:13',4,1,62),(63,300.00,0,'2024-10-21 21:46:13',4,2,63),(64,400.00,0,'2024-10-21 21:46:13',4,2,64),(65,500.00,0,'2024-10-21 21:46:13',4,3,65),(66,600.00,0,'2024-10-21 21:46:13',4,3,66),(67,700.00,0,'2024-10-21 21:46:13',4,4,67),(68,800.00,0,'2024-10-21 21:46:13',4,4,68),(69,900.00,0,'2024-10-21 21:46:13',4,5,69),(70,1000.00,0,'2024-10-21 21:46:13',4,5,70),(71,1100.00,0,'2024-10-21 21:46:13',4,6,71),(72,1200.00,0,'2024-10-21 21:46:13',4,6,72),(73,1300.00,0,'2024-10-21 21:46:13',4,7,73),(74,1400.00,0,'2024-10-21 21:46:13',4,7,74),(75,1500.00,0,'2024-10-21 21:46:13',4,8,75),(76,1600.00,0,'2024-10-21 21:46:13',4,8,76),(77,1700.00,0,'2024-10-21 21:46:13',4,9,77),(78,1800.00,0,'2024-10-21 21:46:13',4,9,78),(79,1900.00,0,'2024-10-21 21:46:13',4,10,79),(80,2000.00,0,'2024-10-21 21:46:13',4,10,80),(81,1000.50,0,'2024-10-21 21:46:13',1,1,81),(82,2500.75,0,'2024-10-21 21:46:13',1,1,82),(83,5000.80,0,'2024-10-21 21:46:13',1,2,83),(84,15000.90,0,'2024-10-21 21:46:13',1,2,84),(85,20000.10,0,'2024-10-21 21:46:13',1,3,85),(86,75000.15,0,'2024-10-21 21:46:13',1,3,86),(87,12345.25,0,'2024-10-21 21:46:13',1,4,87),(88,30000.30,0,'2024-10-21 21:46:13',1,4,88),(89,45000.35,0,'2024-10-21 21:46:13',1,5,89),(90,9999.99,0,'2024-10-21 21:46:13',1,5,90),(91,1500.60,0,'2024-10-21 21:46:13',1,6,91),(92,4000.70,0,'2024-10-21 21:46:13',1,6,92),(93,5500.40,0,'2024-10-21 21:46:13',1,7,93),(94,12000.20,0,'2024-10-21 21:46:13',1,7,94),(95,18000.10,0,'2024-10-21 21:46:13',1,8,95),(96,22500.95,0,'2024-10-21 21:46:13',1,8,96),(97,32000.85,0,'2024-10-21 21:46:13',1,9,97),(98,48000.75,0,'2024-10-21 21:46:13',1,9,98),(99,99999.55,0,'2024-10-21 21:46:13',1,10,99),(100,50000.65,0,'2024-10-21 21:46:13',1,10,100),(101,100.15,0,'2024-10-21 21:46:13',2,1,101),(102,200.25,0,'2024-10-21 21:46:13',2,1,102),(103,300.30,0,'2024-10-21 21:46:13',2,2,103),(104,400.45,0,'2024-10-21 21:46:13',2,2,104),(105,500.60,0,'2024-10-21 21:46:13',2,3,105),(106,600.70,0,'2024-10-21 21:46:13',2,3,106),(107,700.80,0,'2024-10-21 21:46:13',2,4,107),(108,800.95,0,'2024-10-21 21:46:13',2,4,108),(109,900.10,0,'2024-10-21 21:46:13',2,5,109),(110,1000.20,0,'2024-10-21 21:46:13',2,5,110),(111,1500.30,0,'2024-10-21 21:46:13',2,6,111),(112,2000.40,0,'2024-10-21 21:46:13',2,6,112),(113,2500.50,0,'2024-10-21 21:46:13',2,7,113),(114,3000.60,0,'2024-10-21 21:46:13',2,7,114),(115,3500.70,0,'2024-10-21 21:46:13',2,8,115),(116,4000.80,0,'2024-10-21 21:46:13',2,8,116),(117,4500.90,0,'2024-10-21 21:46:13',2,9,117),(118,5000.00,0,'2024-10-21 21:46:13',2,9,118),(119,6000.10,0,'2024-10-21 21:46:13',2,10,119),(120,7000.20,0,'2024-10-21 21:46:13',2,10,120),(121,2500.90,0,'2024-10-21 21:46:13',3,1,121),(122,3500.85,0,'2024-10-21 21:46:13',3,1,122),(123,4500.80,0,'2024-10-21 21:46:13',3,2,123),(124,5500.75,0,'2024-10-21 21:46:13',3,2,124),(125,6500.70,0,'2024-10-21 21:46:13',3,3,125),(126,7500.65,0,'2024-10-21 21:46:13',3,3,126),(127,8500.60,0,'2024-10-21 21:46:13',3,4,127),(128,9500.55,0,'2024-10-21 21:46:13',3,4,128),(129,10500.50,0,'2024-10-21 21:46:13',3,5,129),(130,11500.45,0,'2024-10-21 21:46:13',3,5,130),(131,12500.40,0,'2024-10-21 21:46:13',3,6,131),(132,13500.35,0,'2024-10-21 21:46:13',3,6,132),(133,14500.30,0,'2024-10-21 21:46:13',3,7,133),(134,15500.25,0,'2024-10-21 21:46:13',3,7,134),(135,16500.20,0,'2024-10-21 21:46:13',3,8,135),(136,17500.15,0,'2024-10-21 21:46:13',3,8,136),(137,18500.10,0,'2024-10-21 21:46:13',3,9,137),(138,19500.05,0,'2024-10-21 21:46:13',3,9,138),(139,20500.00,0,'2024-10-21 21:46:13',3,10,139),(140,21500.90,0,'2024-10-21 21:46:13',3,10,140),(141,100.30,0,'2024-10-21 21:46:13',4,1,141),(142,200.40,0,'2024-10-21 21:46:13',4,1,142),(143,300.50,0,'2024-10-21 21:46:13',4,2,143),(144,400.60,0,'2024-10-21 21:46:13',4,2,144),(145,500.70,0,'2024-10-21 21:46:13',4,3,145),(146,600.80,0,'2024-10-21 21:46:13',4,3,146),(147,700.90,0,'2024-10-21 21:46:13',4,4,147),(148,800.00,0,'2024-10-21 21:46:13',4,4,148),(149,900.10,0,'2024-10-21 21:46:13',4,5,149),(150,1000.20,0,'2024-10-21 21:46:13',4,5,150),(151,1100.30,0,'2024-10-21 21:46:13',4,6,151),(152,1200.40,0,'2024-10-21 21:46:13',4,6,152),(153,1300.50,0,'2024-10-21 21:46:13',4,7,153),(154,1400.60,0,'2024-10-21 21:46:13',4,7,154),(155,1500.70,0,'2024-10-21 21:46:13',4,8,155),(156,1600.80,0,'2024-10-21 21:46:13',4,8,156),(157,1700.90,0,'2024-10-21 21:46:13',4,9,157),(158,1800.00,0,'2024-10-21 21:46:13',4,9,158),(159,1900.10,0,'2024-10-21 21:46:13',4,10,159),(160,2000.20,0,'2024-10-21 21:46:13',4,10,160),(161,1000.50,0,'2024-10-21 21:46:13',1,1,161),(162,2500.75,0,'2024-10-21 21:46:13',1,1,162),(163,5000.80,0,'2024-10-21 21:46:13',1,2,163),(164,15000.90,0,'2024-10-21 21:46:13',1,2,164),(165,20000.10,0,'2024-10-21 21:46:13',1,3,165),(166,75000.15,0,'2024-10-21 21:46:13',1,3,166),(167,12345.25,0,'2024-10-21 21:46:13',1,4,167),(168,30000.30,0,'2024-10-21 21:46:13',1,4,168),(169,45000.35,0,'2024-10-21 21:46:13',1,5,169),(170,9999.99,0,'2024-10-21 21:46:13',1,5,170),(171,1500.60,0,'2024-10-21 21:46:13',1,6,171),(172,4000.70,0,'2024-10-21 21:46:13',1,6,172),(173,5500.40,0,'2024-10-21 21:46:13',1,7,173),(174,12000.20,0,'2024-10-21 21:46:13',1,7,174),(175,18000.10,0,'2024-10-21 21:46:13',1,8,175),(176,22500.95,0,'2024-10-21 21:46:13',1,8,176),(177,32000.85,0,'2024-10-21 21:46:13',1,9,177),(178,48000.75,0,'2024-10-21 21:46:13',1,9,178),(179,99999.55,0,'2024-10-21 21:46:13',1,10,179),(180,50000.65,0,'2024-10-21 21:46:13',1,10,180),(181,100.15,0,'2024-10-21 21:46:13',2,1,181),(182,200.25,0,'2024-10-21 21:46:13',2,1,182),(183,300.30,0,'2024-10-21 21:46:13',2,2,183),(184,400.45,0,'2024-10-21 21:46:13',2,2,184),(185,500.60,0,'2024-10-21 21:46:13',2,3,185),(186,600.70,0,'2024-10-21 21:46:13',2,3,186),(187,700.80,0,'2024-10-21 21:46:13',2,4,187),(188,800.95,0,'2024-10-21 21:46:13',2,4,188),(189,900.10,0,'2024-10-21 21:46:13',2,5,189),(190,1000.20,0,'2024-10-21 21:46:13',2,5,190),(191,1500.30,0,'2024-10-21 21:46:13',2,6,191),(192,2000.40,0,'2024-10-21 21:46:13',2,6,192),(193,2500.50,0,'2024-10-21 21:46:13',2,7,193),(194,3000.60,0,'2024-10-21 21:46:13',2,7,194),(195,3500.70,0,'2024-10-21 21:46:13',2,8,195),(196,4000.80,0,'2024-10-21 21:46:13',2,8,196),(197,4500.90,0,'2024-10-21 21:46:13',2,9,197),(198,5000.00,0,'2024-10-21 21:46:13',2,9,198),(199,6000.10,0,'2024-10-21 21:46:13',2,10,199),(200,7000.20,0,'2024-10-21 21:46:13',2,10,200),(201,2500.90,0,'2024-10-21 21:46:13',3,1,201),(202,3500.85,0,'2024-10-21 21:46:13',3,1,202),(203,4500.80,0,'2024-10-21 21:46:13',3,2,203),(204,5500.75,0,'2024-10-21 21:46:13',3,2,204),(205,6500.70,0,'2024-10-21 21:46:13',3,3,205),(206,7500.65,0,'2024-10-21 21:46:13',3,3,206),(207,8500.60,0,'2024-10-21 21:46:13',3,4,207),(208,9500.55,0,'2024-10-21 21:46:13',3,4,208),(209,10500.50,0,'2024-10-21 21:46:13',3,5,209),(210,11500.45,0,'2024-10-21 21:46:13',3,5,210),(211,12500.40,0,'2024-10-21 21:46:13',3,6,211),(212,13500.35,0,'2024-10-21 21:46:13',3,6,212),(213,14500.30,0,'2024-10-21 21:46:13',3,7,213),(214,15500.25,0,'2024-10-21 21:46:13',3,7,214),(215,16500.20,0,'2024-10-21 21:46:13',3,8,215),(216,17500.15,0,'2024-10-21 21:46:13',3,8,216),(217,18500.10,0,'2024-10-21 21:46:13',3,9,217),(218,19500.05,0,'2024-10-21 21:46:13',3,9,218),(219,20500.00,0,'2024-10-21 21:46:13',3,10,219),(220,21500.90,0,'2024-10-21 21:46:13',3,10,220),(221,100.30,0,'2024-10-21 21:46:13',4,1,221),(222,200.40,0,'2024-10-21 21:46:13',4,1,222),(223,300.50,0,'2024-10-21 21:46:13',4,2,223),(224,400.60,0,'2024-10-21 21:46:13',4,2,224),(225,500.70,0,'2024-10-21 21:46:13',4,3,225),(226,600.80,0,'2024-10-21 21:46:13',4,3,226),(227,700.90,0,'2024-10-21 21:46:13',4,4,227),(228,800.00,0,'2024-10-21 21:46:13',4,4,228),(229,900.10,0,'2024-10-21 21:46:13',4,5,229),(230,1000.20,0,'2024-10-21 21:46:13',4,5,230),(231,1100.30,0,'2024-10-21 21:46:13',4,6,231),(232,1200.40,0,'2024-10-21 21:46:13',4,6,232),(233,1300.50,0,'2024-10-21 21:46:13',4,7,233),(234,1400.60,0,'2024-10-21 21:46:13',4,7,234),(235,1500.70,0,'2024-10-21 21:46:13',4,8,235),(236,1600.80,0,'2024-10-21 21:46:13',4,8,236),(237,1700.90,0,'2024-10-21 21:46:13',4,9,237),(238,1800.00,0,'2024-10-21 21:46:13',4,9,238),(239,1900.10,0,'2024-10-21 21:46:13',4,10,239),(240,2000.20,0,'2024-10-21 21:46:13',4,10,240),(241,1000.50,0,'2024-10-21 21:46:13',1,1,241),(242,2500.75,0,'2024-10-21 21:46:13',1,1,242),(243,5000.80,0,'2024-10-21 21:46:13',1,2,243),(244,15000.90,0,'2024-10-21 21:46:13',1,2,244),(245,20000.10,0,'2024-10-21 21:46:13',1,3,245),(246,75000.15,0,'2024-10-21 21:46:13',1,3,246),(247,12345.25,0,'2024-10-21 21:46:13',1,4,247),(248,30000.30,0,'2024-10-21 21:46:13',1,4,248),(249,45000.35,0,'2024-10-21 21:46:13',1,5,249),(250,9999.99,0,'2024-10-21 21:46:13',1,5,250),(251,1500.60,0,'2024-10-21 21:46:13',1,6,251),(252,4000.70,0,'2024-10-21 21:46:13',1,6,252),(253,5500.40,0,'2024-10-21 21:46:13',1,7,253),(254,12000.20,0,'2024-10-21 21:46:13',1,7,254),(255,18000.10,0,'2024-10-21 21:46:13',1,8,255),(256,22500.95,0,'2024-10-21 21:46:13',1,8,256),(257,32000.85,0,'2024-10-21 21:46:13',1,9,257),(258,48000.75,0,'2024-10-21 21:46:13',1,9,258),(259,99999.55,0,'2024-10-21 21:46:13',1,10,259),(260,50000.65,0,'2024-10-21 21:46:13',1,10,260),(261,100.15,0,'2024-10-21 21:46:13',2,1,261),(262,200.25,0,'2024-10-21 21:46:13',2,1,262),(263,300.30,0,'2024-10-21 21:46:13',2,2,263),(264,400.45,0,'2024-10-21 21:46:13',2,2,264),(265,500.60,0,'2024-10-21 21:46:13',2,3,265),(266,600.70,0,'2024-10-21 21:46:13',2,3,266),(267,700.80,0,'2024-10-21 21:46:13',2,4,267),(268,800.95,0,'2024-10-21 21:46:13',2,4,268),(269,900.10,0,'2024-10-21 21:46:13',2,5,269),(270,1000.20,0,'2024-10-21 21:46:13',2,5,270),(271,1500.30,0,'2024-10-21 21:46:13',2,6,271),(272,2000.40,0,'2024-10-21 21:46:13',2,6,272),(273,2500.50,0,'2024-10-21 21:46:13',2,7,273),(274,3000.60,0,'2024-10-21 21:46:13',2,7,274),(275,3500.70,0,'2024-10-21 21:46:13',2,8,275),(276,4000.80,0,'2024-10-21 21:46:13',2,8,276),(277,4500.90,0,'2024-10-21 21:46:13',2,9,277),(278,5000.00,0,'2024-10-21 21:46:13',2,9,278),(279,6000.10,0,'2024-10-21 21:46:13',2,10,279),(280,7000.20,0,'2024-10-21 21:46:13',2,10,280),(281,2500.90,0,'2024-10-21 21:46:13',3,1,281),(282,3500.85,0,'2024-10-21 21:46:13',3,1,282),(283,4500.80,0,'2024-10-21 21:46:13',3,2,283),(284,5500.75,0,'2024-10-21 21:46:13',3,2,284),(285,6500.70,0,'2024-10-21 21:46:13',3,3,285),(286,7500.65,0,'2024-10-21 21:46:13',3,3,286),(287,8500.60,0,'2024-10-21 21:46:13',3,4,287),(288,9500.55,0,'2024-10-21 21:46:13',3,4,288),(289,10500.50,0,'2024-10-21 21:46:13',3,5,289),(290,11500.45,0,'2024-10-21 21:46:13',3,5,290),(291,12500.40,0,'2024-10-21 21:46:13',3,6,291),(292,13500.35,0,'2024-10-21 21:46:13',3,6,292),(293,14500.30,0,'2024-10-21 21:46:13',3,7,293),(294,15500.25,0,'2024-10-21 21:46:13',3,7,294),(295,16500.20,0,'2024-10-21 21:46:13',3,8,295),(296,17500.15,0,'2024-10-21 21:46:13',3,8,296),(297,18500.10,0,'2024-10-21 21:46:13',3,9,297),(298,19500.05,0,'2024-10-21 21:46:13',3,9,298),(299,20500.00,0,'2024-10-21 21:46:13',3,10,299),(300,21500.90,0,'2024-10-21 21:46:13',3,10,300),(301,100.30,0,'2024-10-21 21:46:13',4,1,301),(302,1500.00,0,'2024-10-21 21:46:13',1,1,1),(303,2500.50,0,'2024-10-21 21:46:13',2,2,2),(304,3500.75,0,'2024-10-21 21:46:13',3,3,3),(305,4500.90,0,'2024-10-21 21:46:13',4,4,4),(306,5600.20,0,'2024-10-21 21:46:13',1,5,5),(307,6700.60,0,'2024-10-21 21:46:13',2,6,6),(308,7800.10,0,'2024-10-21 21:46:13',3,7,7),(309,8900.30,0,'2024-10-21 21:46:13',4,8,8),(310,10000.40,0,'2024-10-21 21:46:13',1,9,9),(311,11000.50,0,'2024-10-21 21:46:13',2,10,10),(312,12000.60,0,'2024-10-21 21:46:13',3,1,11),(313,13000.70,0,'2024-10-21 21:46:13',4,2,12),(314,14000.80,0,'2024-10-21 21:46:13',1,3,13),(315,15000.90,0,'2024-10-21 21:46:13',2,4,14),(316,16000.00,0,'2024-10-21 21:46:13',3,5,15),(317,17000.10,0,'2024-10-21 21:46:13',4,6,16),(318,18000.20,0,'2024-10-21 21:46:13',1,7,17),(319,19000.30,0,'2024-10-21 21:46:13',2,8,18),(320,20000.40,0,'2024-10-21 21:46:13',3,9,19),(321,21000.50,0,'2024-10-21 21:46:13',4,10,20),(322,22000.60,0,'2024-10-21 21:46:13',1,1,21),(323,23000.70,0,'2024-10-21 21:46:13',2,2,22),(324,24000.80,0,'2024-10-21 21:46:13',3,3,23),(325,25000.90,0,'2024-10-21 21:46:13',4,4,24),(326,26000.00,0,'2024-10-21 21:46:13',1,5,25),(327,27000.10,0,'2024-10-21 21:46:13',2,6,26),(328,28000.20,0,'2024-10-21 21:46:13',3,7,27),(329,29000.30,0,'2024-10-21 21:46:13',4,8,28),(330,30000.40,0,'2024-10-21 21:46:13',1,9,29),(331,31000.50,0,'2024-10-21 21:46:13',2,10,30),(332,32000.60,0,'2024-10-21 21:46:13',3,1,31),(333,33000.70,0,'2024-10-21 21:46:13',4,2,32),(334,34000.80,0,'2024-10-21 21:46:13',1,3,33),(335,35000.90,0,'2024-10-21 21:46:13',2,4,34),(336,36000.00,0,'2024-10-21 21:46:13',3,5,35),(337,37000.10,0,'2024-10-21 21:46:13',4,6,36),(338,38000.20,0,'2024-10-21 21:46:13',1,7,37),(339,39000.30,0,'2024-10-21 21:46:13',2,8,38),(340,40000.40,0,'2024-10-21 21:46:13',3,9,39),(341,41000.50,0,'2024-10-21 21:46:13',4,10,40),(342,42000.60,0,'2024-10-21 21:46:13',1,1,41),(343,43000.70,0,'2024-10-21 21:46:13',2,2,42),(344,44000.80,0,'2024-10-21 21:46:13',3,3,43),(345,45000.90,0,'2024-10-21 21:46:13',4,4,44),(346,46000.00,0,'2024-10-21 21:46:13',1,5,45),(347,47000.10,0,'2024-10-21 21:46:13',2,6,46),(348,48000.20,0,'2024-10-21 21:46:13',3,7,47),(349,49000.30,0,'2024-10-21 21:46:13',4,8,48),(350,50000.40,0,'2024-10-21 21:46:13',1,9,49),(351,51000.50,0,'2024-10-21 21:46:13',2,10,50),(352,52000.60,0,'2024-10-21 21:46:13',3,1,51),(353,53000.70,0,'2024-10-21 21:46:13',4,2,52),(354,54000.80,0,'2024-10-21 21:46:13',1,3,53),(355,55000.90,0,'2024-10-21 21:46:13',2,4,54),(356,56000.00,0,'2024-10-21 21:46:13',3,5,55),(357,57000.10,0,'2024-10-21 21:46:13',4,6,56),(358,58000.20,0,'2024-10-21 21:46:13',1,7,57),(359,59000.30,0,'2024-10-21 21:46:13',2,8,58),(360,60000.40,0,'2024-10-21 21:46:13',3,9,59),(361,61000.50,0,'2024-10-21 21:46:13',4,10,60),(362,62000.60,0,'2024-10-21 21:46:13',1,1,61),(363,63000.70,0,'2024-10-21 21:46:13',2,2,62),(364,64000.80,0,'2024-10-21 21:46:13',3,3,63),(365,65000.90,0,'2024-10-21 21:46:13',4,4,64),(366,66000.00,0,'2024-10-21 21:46:13',1,5,65),(367,67000.10,0,'2024-10-21 21:46:13',2,6,66),(368,68000.20,0,'2024-10-21 21:46:13',3,7,67),(369,69000.30,0,'2024-10-21 21:46:13',4,8,68),(370,70000.40,0,'2024-10-21 21:46:13',1,9,69),(371,71000.50,0,'2024-10-21 21:46:13',2,10,70),(372,72000.60,0,'2024-10-21 21:46:13',3,1,71),(373,73000.70,0,'2024-10-21 21:46:13',4,2,72),(374,74000.80,0,'2024-10-21 21:46:13',1,3,73),(375,75000.90,0,'2024-10-21 21:46:13',2,4,74),(376,76000.00,0,'2024-10-21 21:46:13',3,5,75),(377,77000.10,0,'2024-10-21 21:46:13',4,6,76),(378,78000.20,0,'2024-10-21 21:46:13',1,7,77),(379,79000.30,0,'2024-10-21 21:46:13',2,8,78),(380,80000.40,0,'2024-10-21 21:46:13',3,9,79),(381,81000.50,0,'2024-10-21 21:46:13',4,10,80),(382,82000.60,0,'2024-10-21 21:46:13',1,1,81),(383,83000.70,0,'2024-10-21 21:46:13',2,2,82),(384,84000.80,0,'2024-10-21 21:46:13',3,3,83),(385,85000.90,0,'2024-10-21 21:46:13',4,4,84),(386,86000.00,0,'2024-10-21 21:46:13',1,5,85),(387,87000.10,0,'2024-10-21 21:46:13',2,6,86),(388,88000.20,0,'2024-10-21 21:46:13',3,7,87),(389,89000.30,0,'2024-10-21 21:46:13',4,8,88),(390,90000.40,0,'2024-10-21 21:46:13',1,9,89),(391,91000.50,0,'2024-10-21 21:46:13',2,10,90),(392,92000.60,0,'2024-10-21 21:46:13',3,1,91),(393,93000.70,0,'2024-10-21 21:46:13',4,2,92),(394,94000.80,0,'2024-10-21 21:46:13',1,3,93),(395,95000.90,0,'2024-10-21 21:46:13',2,4,94),(396,96000.00,0,'2024-10-21 21:46:13',3,5,95),(397,97000.10,0,'2024-10-21 21:46:13',4,6,96),(398,98000.20,0,'2024-10-21 21:46:13',1,7,97),(399,99000.30,0,'2024-10-21 21:46:13',2,8,98),(400,100000.40,0,'2024-10-21 21:46:13',3,9,99),(401,101000.50,0,'2024-10-21 21:46:13',4,10,100),(402,102000.60,0,'2024-10-21 21:46:13',1,1,101),(403,103000.70,0,'2024-10-21 21:46:13',2,2,102),(404,104000.80,0,'2024-10-21 21:46:13',3,3,103),(405,105000.90,0,'2024-10-21 21:46:13',4,4,104),(406,106000.00,0,'2024-10-21 21:46:13',1,5,105),(407,107000.10,0,'2024-10-21 21:46:13',2,6,106),(408,108000.20,0,'2024-10-21 21:46:13',3,7,107),(409,109000.30,0,'2024-10-21 21:46:13',4,8,108),(410,110000.40,0,'2024-10-21 21:46:13',1,9,109),(411,111000.50,0,'2024-10-21 21:46:13',2,10,110),(412,112000.60,0,'2024-10-21 21:46:13',3,1,111),(413,113000.70,0,'2024-10-21 21:46:13',4,2,112),(414,114000.80,0,'2024-10-21 21:46:13',1,3,113),(415,115000.90,0,'2024-10-21 21:46:13',2,4,114),(416,116000.00,0,'2024-10-21 21:46:13',3,5,115),(417,117000.10,0,'2024-10-21 21:46:13',4,6,116),(418,118000.20,0,'2024-10-21 21:46:13',1,7,117),(419,119000.30,0,'2024-10-21 21:46:13',2,8,118),(420,120000.40,0,'2024-10-21 21:46:13',3,9,119),(421,121000.50,0,'2024-10-21 21:46:13',4,10,120),(422,122000.60,0,'2024-10-21 21:46:13',1,1,121),(423,123000.70,0,'2024-10-21 21:46:13',2,2,122),(424,124000.80,0,'2024-10-21 21:46:13',3,3,123),(425,125000.90,0,'2024-10-21 21:46:13',4,4,124),(426,126000.00,0,'2024-10-21 21:46:13',1,5,125),(427,127000.10,0,'2024-10-21 21:46:13',2,6,126),(428,128000.20,0,'2024-10-21 21:46:13',3,7,127),(429,129000.30,0,'2024-10-21 21:46:13',4,8,128),(430,130000.40,0,'2024-10-21 21:46:13',1,9,129),(431,131000.50,0,'2024-10-21 21:46:13',2,10,130),(432,132000.60,0,'2024-10-21 21:46:13',3,1,131),(433,133000.70,0,'2024-10-21 21:46:13',4,2,132),(434,134000.80,0,'2024-10-21 21:46:13',1,3,133),(435,135000.90,0,'2024-10-21 21:46:13',2,4,134),(436,136000.00,0,'2024-10-21 21:46:13',3,5,135),(437,137000.10,0,'2024-10-21 21:46:13',4,6,136),(438,138000.20,0,'2024-10-21 21:46:13',1,7,137),(439,139000.30,0,'2024-10-21 21:46:13',2,8,138),(440,140000.40,0,'2024-10-21 21:46:13',3,9,139),(441,141000.50,0,'2024-10-21 21:46:13',4,10,140),(442,142000.60,0,'2024-10-21 21:46:13',1,1,141),(443,143000.70,0,'2024-10-21 21:46:13',2,2,142),(444,144000.80,0,'2024-10-21 21:46:13',3,3,143),(445,145000.90,0,'2024-10-21 21:46:13',4,4,144),(446,146000.00,0,'2024-10-21 21:46:13',1,5,145),(447,147000.10,0,'2024-10-21 21:46:13',2,6,146),(448,148000.20,0,'2024-10-21 21:46:13',3,7,147),(449,149000.30,0,'2024-10-21 21:46:13',4,8,148),(450,150000.40,0,'2024-10-21 21:46:13',1,9,149),(451,151000.50,0,'2024-10-21 21:46:13',2,10,150);
/*!40000 ALTER TABLE `contas` ENABLE KEYS */;
UNLOCK TABLES;

--
-- Temporary view structure for view `contas_recentes`
--

DROP TABLE IF EXISTS `contas_recentes`;
/*!50001 DROP VIEW IF EXISTS `contas_recentes`*/;
SET @saved_cs_client     = @@character_set_client;
/*!50503 SET character_set_client = utf8mb4 */;
/*!50001 CREATE VIEW `contas_recentes` AS SELECT 
 1 AS `id_Conta`,
 1 AS `Nome`,
 1 AS `Data_Criacao`*/;
SET character_set_client = @saved_cs_client;

--
-- Table structure for table `emprestimos`
--

DROP TABLE IF EXISTS `emprestimos`;
/*!40101 SET @saved_cs_client     = @@character_set_client */;
/*!50503 SET character_set_client = utf8mb4 */;
CREATE TABLE `emprestimos` (
  `id_Emprestimo` int NOT NULL AUTO_INCREMENT,
  `Valor` decimal(10,2) NOT NULL,
  `Parcelas` int NOT NULL,
  `Data_Criacao` datetime NOT NULL DEFAULT CURRENT_TIMESTAMP,
  `Tipo` int NOT NULL,
  `Status` int NOT NULL,
  `Cliente` int NOT NULL,
  PRIMARY KEY (`id_Emprestimo`),
  KEY `Tipo` (`Tipo`),
  KEY `Status` (`Status`),
  KEY `Cliente` (`Cliente`),
  CONSTRAINT `emprestimos_ibfk_1` FOREIGN KEY (`Tipo`) REFERENCES `tipos_emprestimos` (`id_Tipo_Emprestimo`),
  CONSTRAINT `emprestimos_ibfk_2` FOREIGN KEY (`Status`) REFERENCES `status_produtos` (`id_Status_Produto`),
  CONSTRAINT `emprestimos_ibfk_3` FOREIGN KEY (`Cliente`) REFERENCES `clientes` (`id_Cliente`)
) ENGINE=InnoDB AUTO_INCREMENT=51 DEFAULT CHARSET=utf8mb4 COLLATE=utf8mb4_0900_ai_ci;
/*!40101 SET character_set_client = @saved_cs_client */;

--
-- Dumping data for table `emprestimos`
--

LOCK TABLES `emprestimos` WRITE;
/*!40000 ALTER TABLE `emprestimos` DISABLE KEYS */;
INSERT INTO `emprestimos` VALUES (1,15000.00,10,'2024-10-22 19:44:12',1,6,45),(2,500000.00,20,'2024-10-22 19:44:12',2,4,132),(3,250000.00,30,'2024-10-22 19:44:12',3,5,15),(4,30000.00,10,'2024-10-22 19:44:12',1,6,76),(5,80000.00,20,'2024-10-22 19:44:12',4,3,202),(6,75000.00,30,'2024-10-22 19:44:12',2,4,89),(7,95000.00,10,'2024-10-22 19:44:12',3,5,160),(8,150000.00,20,'2024-10-22 19:44:12',1,6,8),(9,200000.00,30,'2024-10-22 19:44:12',4,3,54),(10,45000.00,10,'2024-10-22 19:44:12',1,4,234),(11,300000.00,20,'2024-10-22 19:44:12',2,5,192),(12,50000.00,30,'2024-10-22 19:44:12',3,6,37),(13,12000.00,10,'2024-10-22 19:44:12',4,3,103),(14,60000.00,20,'2024-10-22 19:44:12',1,4,250),(15,300000.00,30,'2024-10-22 19:44:12',2,5,90),(16,1000.00,10,'2024-10-22 19:44:12',3,6,67),(17,450000.00,20,'2024-10-22 19:44:12',4,3,128),(18,85000.00,30,'2024-10-22 19:44:12',1,4,47),(19,220000.00,10,'2024-10-22 19:44:12',2,5,218),(20,5000.00,20,'2024-10-22 19:44:12',3,6,10),(21,70000.00,30,'2024-10-22 19:44:12',4,3,176),(22,90000.00,10,'2024-10-22 19:44:12',1,4,33),(23,160000.00,20,'2024-10-22 19:44:12',2,5,120),(24,400000.00,30,'2024-10-22 19:44:12',3,6,29),(25,80000.00,10,'2024-10-22 19:44:12',4,3,175),(26,350000.00,20,'2024-10-22 19:44:12',1,4,39),(27,45000.00,30,'2024-10-22 19:44:12',2,5,140),(28,55000.00,10,'2024-10-22 19:44:12',3,6,20),(29,30000.00,20,'2024-10-22 19:44:12',4,3,230),(30,120000.00,30,'2024-10-22 19:44:12',1,4,99),(31,25000.00,10,'2024-10-22 19:44:12',2,5,67),(32,700000.00,20,'2024-10-22 19:44:12',3,6,81),(33,95000.00,30,'2024-10-22 19:44:12',4,3,44),(34,80000.00,10,'2024-10-22 19:44:12',1,4,213),(35,110000.00,20,'2024-10-22 19:44:12',2,5,10),(36,300000.00,30,'2024-10-22 19:44:12',3,6,25),(37,40000.00,10,'2024-10-22 19:44:12',4,3,144),(38,550000.00,20,'2024-10-22 19:44:12',1,4,182),(39,60000.00,30,'2024-10-22 19:44:12',2,5,36),(40,150000.00,10,'2024-10-22 19:44:12',3,6,58),(41,80000.00,20,'2024-10-22 19:44:12',4,3,84),(42,350000.00,30,'2024-10-22 19:44:12',1,4,159),(43,50000.00,10,'2024-10-22 19:44:12',2,5,128),(44,95000.00,20,'2024-10-22 19:44:12',3,6,209),(45,90000.00,30,'2024-10-22 19:44:12',4,3,19),(46,45000.00,10,'2024-10-22 19:44:12',1,4,220),(47,70000.00,20,'2024-10-22 19:44:12',2,5,275),(48,85000.00,30,'2024-10-22 19:44:12',3,6,299),(49,150000.00,10,'2024-10-22 19:44:12',4,3,34),(50,400000.00,20,'2024-10-22 19:44:12',1,4,145);
/*!40000 ALTER TABLE `emprestimos` ENABLE KEYS */;
UNLOCK TABLES;

--
-- Table structure for table `financiamentos`
--

DROP TABLE IF EXISTS `financiamentos`;
/*!40101 SET @saved_cs_client     = @@character_set_client */;
/*!50503 SET character_set_client = utf8mb4 */;
CREATE TABLE `financiamentos` (
  `id_Financiamento` int NOT NULL AUTO_INCREMENT,
  `Valor` decimal(10,2) NOT NULL,
  `Parcelas` int NOT NULL,
  `Entrada` decimal(10,2) NOT NULL,
  `Data_Criacao` datetime NOT NULL DEFAULT CURRENT_TIMESTAMP,
  `Tipo` int NOT NULL,
  `Cliente` int NOT NULL,
  `Status` int NOT NULL,
  PRIMARY KEY (`id_Financiamento`),
  KEY `Tipo` (`Tipo`),
  KEY `Cliente` (`Cliente`),
  KEY `Status` (`Status`),
  CONSTRAINT `financiamentos_ibfk_1` FOREIGN KEY (`Tipo`) REFERENCES `tipos_financiamentos` (`id_Tipo_financiamento`),
  CONSTRAINT `financiamentos_ibfk_2` FOREIGN KEY (`Cliente`) REFERENCES `clientes` (`id_Cliente`),
  CONSTRAINT `financiamentos_ibfk_3` FOREIGN KEY (`Status`) REFERENCES `status_produtos` (`id_Status_Produto`)
) ENGINE=InnoDB AUTO_INCREMENT=47 DEFAULT CHARSET=utf8mb4 COLLATE=utf8mb4_0900_ai_ci;
/*!40101 SET character_set_client = @saved_cs_client */;

--
-- Dumping data for table `financiamentos`
--

LOCK TABLES `financiamentos` WRITE;
/*!40000 ALTER TABLE `financiamentos` DISABLE KEYS */;
INSERT INTO `financiamentos` VALUES (1,10500.00,12,0.00,'2024-10-22 19:44:53',1,45,2),(2,250000.00,24,5000.00,'2024-10-22 19:44:53',3,132,1),(3,50000.00,36,0.00,'2024-10-22 19:44:53',2,15,5),(4,120000.00,48,3000.00,'2024-10-22 19:44:53',4,76,3),(5,150000.00,60,0.00,'2024-10-22 19:44:53',1,202,6),(6,2000.00,12,0.00,'2024-10-22 19:44:53',2,89,4),(7,75000.00,24,4000.00,'2024-10-22 19:44:53',3,160,2),(8,990000.00,36,9000.00,'2024-10-22 19:44:53',1,8,1),(9,300000.00,48,0.00,'2024-10-22 19:44:53',4,54,3),(10,15000.00,60,0.00,'2024-10-22 19:44:53',2,234,5),(11,80000.00,12,500.00,'2024-10-22 19:44:53',3,192,6),(12,6000.00,24,1000.00,'2024-10-22 19:44:53',1,37,4),(13,450000.00,36,8000.00,'2024-10-22 19:44:53',2,103,1),(14,750000.00,48,0.00,'2024-10-22 19:44:53',4,250,2),(15,350000.00,60,6000.00,'2024-10-22 19:44:53',3,90,5),(16,110000.00,12,0.00,'2024-10-22 19:44:53',1,67,3),(17,130000.00,24,2000.00,'2024-10-22 19:44:53',2,128,6),(18,1000.00,36,0.00,'2024-10-22 19:44:53',3,47,1),(19,200000.00,48,7000.00,'2024-10-22 19:44:53',4,218,4),(20,99999.00,60,0.00,'2024-10-22 19:44:53',1,10,6),(21,30000.00,12,1500.00,'2024-10-22 19:44:53',2,176,3),(22,45000.00,24,0.00,'2024-10-22 19:44:53',3,33,2),(23,10000.00,36,2000.00,'2024-10-22 19:44:53',4,120,1),(24,20000.00,48,0.00,'2024-10-22 19:44:53',1,29,6),(25,85000.00,60,2500.00,'2024-10-22 19:44:53',2,175,2),(26,400000.00,12,9000.00,'2024-10-22 19:44:53',3,39,5),(27,600000.00,24,0.00,'2024-10-22 19:44:53',4,140,3),(28,90000.00,36,5000.00,'2024-10-22 19:44:53',1,20,4),(29,250000.00,48,3000.00,'2024-10-22 19:44:53',2,230,6),(30,150000.00,60,8000.00,'2024-10-22 19:44:53',3,121,1),(31,5000.00,12,0.00,'2024-10-22 19:44:53',4,99,2),(32,30000.00,24,1000.00,'2024-10-22 19:44:53',1,67,5),(33,450000.00,36,0.00,'2024-10-22 19:44:53',2,81,3),(34,700000.00,48,7000.00,'2024-10-22 19:44:53',3,44,6),(35,100000.00,60,2500.00,'2024-10-22 19:44:53',4,213,1),(36,12000.00,12,0.00,'2024-10-22 19:44:53',1,19,4),(37,80000.00,24,5000.00,'2024-10-22 19:44:53',2,138,2),(38,950000.00,36,6000.00,'2024-10-22 19:44:53',3,57,1),(39,220000.00,48,0.00,'2024-10-22 19:44:53',4,174,3),(40,35000.00,60,3000.00,'2024-10-22 19:44:53',1,222,5),(41,105000.00,12,0.00,'2024-10-22 19:44:53',2,12,6),(42,2500.00,24,2000.00,'2024-10-22 19:44:53',3,70,4),(43,400000.00,36,8000.00,'2024-10-22 19:44:53',1,30,2),(44,80000.00,48,5000.00,'2024-10-22 19:44:53',4,83,3),(45,600000.00,60,0.00,'2024-10-22 19:44:53',1,145,1),(46,90000.00,12,7000.00,'2024-10-22 19:44:53',2,25,5);
/*!40000 ALTER TABLE `financiamentos` ENABLE KEYS */;
UNLOCK TABLES;

--
-- Table structure for table `funcionarios`
--

DROP TABLE IF EXISTS `funcionarios`;
/*!40101 SET @saved_cs_client     = @@character_set_client */;
/*!50503 SET character_set_client = utf8mb4 */;
CREATE TABLE `funcionarios` (
  `id_Funcionario` int NOT NULL AUTO_INCREMENT,
  `Nome` varchar(50) NOT NULL,
  `CPF` varchar(15) NOT NULL,
  `Telefone` varchar(15) NOT NULL,
  `Email` varchar(50) NOT NULL,
  `Ativo` tinyint NOT NULL DEFAULT '1',
  `Data_Criacao` datetime NOT NULL DEFAULT CURRENT_TIMESTAMP,
  `Cargo` int NOT NULL,
  `Agencia` int NOT NULL,
  PRIMARY KEY (`id_Funcionario`),
  KEY `Cargo` (`Cargo`),
  KEY `Agencia` (`Agencia`),
  CONSTRAINT `funcionarios_ibfk_1` FOREIGN KEY (`Cargo`) REFERENCES `cargos` (`id_Cargo`),
  CONSTRAINT `funcionarios_ibfk_2` FOREIGN KEY (`Agencia`) REFERENCES `agencias` (`id_Agencia`)
) ENGINE=InnoDB AUTO_INCREMENT=137 DEFAULT CHARSET=utf8mb4 COLLATE=utf8mb4_0900_ai_ci;
/*!40101 SET character_set_client = @saved_cs_client */;

--
-- Dumping data for table `funcionarios`
--

LOCK TABLES `funcionarios` WRITE;
/*!40000 ALTER TABLE `funcionarios` DISABLE KEYS */;
INSERT INTO `funcionarios` VALUES (1,'João Silva','123.456.789-00','(61) 99999-0001','joao.silva@email.com',0,'2024-10-21 21:19:58',1,1),(2,'Maria Oliveira','234.567.890-11','(61) 99999-0002','maria.oliveira@email.com',1,'2024-10-21 21:19:58',2,1),(3,'Pedro Santos','345.678.901-22','(61) 99999-0003','pedro.santos@email.com',1,'2024-10-21 21:19:58',3,2),(4,'Ana Costa','456.789.012-33','(61) 99999-0004','ana.costa@email.com',1,'2024-10-21 21:19:58',4,2),(5,'Carlos Pereira','567.890.123-44','(61) 99999-0005','carlos.pereira@email.com',1,'2024-10-21 21:19:58',5,3),(6,'Fernanda Lima','678.901.234-55','(61) 99999-0006','fernanda.lima@email.com',1,'2024-10-21 21:19:58',1,3),(7,'Lucas Almeida','789.012.345-66','(61) 99999-0007','lucas.almeida@email.com',1,'2024-10-21 21:19:58',2,4),(8,'Juliana Rocha','890.123.456-77','(61) 99999-0008','juliana.rocha@email.com',1,'2024-10-21 21:19:58',3,4),(9,'Ricardo Fernandes','901.234.567-88','(61) 99999-0009','ricardo.fernandes@email.com',1,'2024-10-21 21:19:58',4,5),(10,'Mariana Souza','012.345.678-99','(61) 99999-0010','mariana.souza@email.com',1,'2024-10-21 21:19:58',5,5),(11,'Gabriel Dias','123.456.789-01','(61) 99999-0011','gabriel.dias@email.com',1,'2024-10-21 21:19:58',1,6),(12,'Isabella Martins','234.567.890-12','(61) 99999-0012','isabella.martins@email.com',1,'2024-10-21 21:19:58',2,6),(13,'Felipe Cardoso','345.678.901-23','(61) 99999-0013','felipe.cardoso@email.com',1,'2024-10-21 21:19:58',3,7),(14,'Natália Alves','456.789.012-34','(61) 99999-0014','natalia.alves@email.com',1,'2024-10-21 21:19:58',4,7),(15,'André Gomes','567.890.123-45','(61) 99999-0015','andre.gomes@email.com',1,'2024-10-21 21:19:58',5,8),(16,'Tatiane Vieira','678.901.234-56','(61) 99999-0016','tatiane.vieira@email.com',1,'2024-10-21 21:19:58',1,8),(17,'Rafael Silva','789.012.345-67','(61) 99999-0017','rafael.silva@email.com',1,'2024-10-21 21:19:58',2,9),(18,'Patrícia Lima','890.123.456-78','(61) 99999-0018','patricia.lima@email.com',1,'2024-10-21 21:19:58',3,9),(19,'Leonardo Moreira','901.234.567-89','(61) 99999-0019','leonardo.moreira@email.com',1,'2024-10-21 21:19:58',4,10),(20,'Claudia Santos','012.345.678-00','(61) 99999-0020','claudia.santos@email.com',1,'2024-10-21 21:19:58',5,10),(21,'Samuel Oliveira','123.456.789-11','(61) 99999-0021','samuel.oliveira@email.com',1,'2024-10-21 21:19:58',1,1),(22,'Bruna Costa','234.567.890-22','(61) 99999-0022','bruna.costa@email.com',1,'2024-10-21 21:19:58',2,1),(23,'Eduardo Pereira','345.678.901-33','(61) 99999-0023','eduardo.pereira@email.com',1,'2024-10-21 21:19:58',3,2),(24,'Aline Ferreira','456.789.012-44','(61) 99999-0024','aline.ferreira@email.com',1,'2024-10-21 21:19:58',4,2),(25,'Bruno Almeida','567.890.123-55','(61) 99999-0025','bruno.almeida@email.com',1,'2024-10-21 21:19:58',5,3),(26,'Vanessa Lima','678.901.234-66','(61) 99999-0026','vanessa.lima@email.com',1,'2024-10-21 21:19:58',1,3),(27,'Gustavo Rocha','789.012.345-77','(61) 99999-0027','gustavo.rocha@email.com',1,'2024-10-21 21:19:58',2,4),(28,'Fernanda Dias','890.123.456-88','(61) 99999-0028','fernanda.dias@email.com',1,'2024-10-21 21:19:58',3,4),(29,'Tiago Martins','901.234.567-99','(61) 99999-0029','tiago.martins@email.com',1,'2024-10-21 21:19:58',4,5),(30,'Larissa Silva','012.345.678-10','(61) 99999-0030','larissa.silva@email.com',1,'2024-10-21 21:19:58',5,5),(31,'Leonardo Cardoso','123.456.789-21','(61) 99999-0031','leonardo.cardoso@email.com',1,'2024-10-21 21:19:58',1,6),(32,'Cíntia Almeida','234.567.890-32','(61) 99999-0032','cintia.almeida@email.com',1,'2024-10-21 21:19:58',2,6),(33,'Roberto Nunes','345.678.901-43','(61) 99999-0033','roberto.nunes@email.com',1,'2024-10-21 21:19:58',3,7),(34,'Sofia Martins','456.789.012-54','(61) 99999-0034','sofia.martins@email.com',1,'2024-10-21 21:19:58',4,7),(35,'Mário Silva','567.890.123-65','(61) 99999-0035','mario.silva@email.com',1,'2024-10-21 21:19:58',5,8),(36,'Nadia Ferreira','678.901.234-76','(61) 99999-0036','nadia.ferreira@email.com',1,'2024-10-21 21:19:58',1,8),(37,'Fernando Almeida','789.012.345-87','(61) 99999-0037','fernando.almeida@email.com',1,'2024-10-21 21:19:58',2,9),(38,'Clarice Rocha','890.123.456-98','(61) 99999-0038','clarice.rocha@email.com',1,'2024-10-21 21:19:58',3,9),(39,'Ricardo Lima','901.234.567-09','(61) 99999-0039','ricardo.lima@email.com',1,'2024-10-21 21:19:58',4,10),(40,'Giovana Souza','012.345.678-11','(61) 99999-0040','giovana.souza@email.com',1,'2024-10-21 21:19:58',5,10),(41,'Alexandre Costa','123.456.789-12','(61) 99999-0041','alexandre.costa@email.com',1,'2024-10-21 21:19:58',1,1),(42,'Simone Almeida','234.567.890-23','(61) 99999-0042','simone.almeida@email.com',1,'2024-10-21 21:19:58',2,1),(43,'Juliano Pereira','345.678.901-34','(61) 99999-0043','juliano.pereira@email.com',1,'2024-10-21 21:19:58',3,2),(44,'Carla Ferreira','456.789.012-45','(61) 99999-0044','carla.ferreira@email.com',1,'2024-10-21 21:19:58',4,2),(45,'Eduardo Dias','567.890.123-56','(61) 99999-0045','eduardo.dias@email.com',1,'2024-10-21 21:19:58',5,3),(46,'Patrícia Nascimento','678.901.234-67','(61) 99999-0046','patricia.nascimento@email.com',1,'2024-10-21 21:19:58',1,3),(47,'Rafael Gomes','789.012.345-78','(61) 99999-0047','rafael.gomes@email.com',1,'2024-10-21 21:19:58',2,4),(48,'Priscila Santos','890.123.456-89','(61) 99999-0048','priscila.santos@email.com',1,'2024-10-21 21:19:58',3,4),(49,'Felipe Ribeiro','901.234.567-90','(61) 99999-0049','felipe.ribeiro@email.com',1,'2024-10-21 21:19:58',4,5),(50,'Sérgio Almeida','012.345.678-21','(61) 99999-0050','sergio.almeida@email.com',1,'2024-10-21 21:19:58',5,5),(51,'Tânia Souza','123.456.789-32','(61) 99999-0051','tania.souza@email.com',1,'2024-10-21 21:19:58',1,6),(52,'Nicolas Lima','234.567.890-43','(61) 99999-0052','nicolas.lima@email.com',1,'2024-10-21 21:19:58',2,6),(53,'Luciana Martins','345.678.901-54','(61) 99999-0053','luciana.martins@email.com',1,'2024-10-21 21:19:58',3,7),(54,'Elias Santos','456.789.012-65','(61) 99999-0054','elias.santos@email.com',1,'2024-10-21 21:19:58',4,7),(55,'Kelly Alves','567.890.123-76','(61) 99999-0055','kelly.alves@email.com',1,'2024-10-21 21:19:58',5,8),(56,'Bruno Ferreira','678.901.234-87','(61) 99999-0056','bruno.ferreira@email.com',1,'2024-10-21 21:19:58',1,8),(57,'Raquel Dias','789.012.345-98','(61) 99999-0057','raquel.dias@email.com',1,'2024-10-21 21:19:58',2,9),(58,'Thiago Cardoso','890.123.456-09','(61) 99999-0058','thiago.cardoso@email.com',1,'2024-10-21 21:19:58',3,9),(59,'Jéssica Gomes','901.234.567-10','(61) 99999-0059','jessica.gomes@email.com',1,'2024-10-21 21:19:58',4,10),(60,'Lucas Almeida','012.345.678-11','(61) 99999-0060','lucas.almeida@email.com',1,'2024-10-21 21:19:58',5,10),(61,'Fernanda Nascimento','123.456.789-12','(61) 99999-0061','fernanda.nascimento@email.com',1,'2024-10-21 21:19:58',1,1),(62,'Gabriel Oliveira','234.567.890-23','(61) 99999-0062','gabriel.oliveira@email.com',1,'2024-10-21 21:19:58',2,1),(63,'André Costa','345.678.901-34','(61) 99999-0063','andre.costa@email.com',1,'2024-10-21 21:19:58',3,2),(64,'Cláudia Ferreira','456.789.012-45','(61) 99999-0064','claudia.ferreira@email.com',1,'2024-10-21 21:19:58',4,2),(65,'Ana Beatriz','123.456.789-00','(11) 91234-5678','ana.beatriz@email.com',0,'2024-10-21 21:24:54',1,1),(66,'Carlos Silva','234.567.890-01','(11) 92345-6789','carlos.silva@email.com',1,'2024-10-21 21:24:54',2,1),(67,'Maria Oliveira','345.678.901-02','(11) 93456-7890','maria.oliveira@email.com',1,'2024-10-21 21:24:54',3,2),(68,'João Pereira','456.789.012-03','(11) 94567-8901','joao.pereira@email.com',1,'2024-10-21 21:24:54',4,2),(69,'Fernanda Costa','567.890.123-04','(11) 95678-9012','fernanda.costa@email.com',1,'2024-10-21 21:24:54',5,3),(70,'Rafael Almeida','678.901.234-05','(11) 96789-0123','rafael.almeida@email.com',1,'2024-10-21 21:24:54',6,3),(71,'Tatiane Rocha','789.012.345-06','(11) 97890-1234','tatiane.rocha@email.com',1,'2024-10-21 21:24:54',7,4),(72,'Lucas Santos','890.123.456-07','(11) 98901-2345','lucas.santos@email.com',1,'2024-10-21 21:24:54',8,4),(73,'Juliana Martins','901.234.567-08','(11) 99123-3456','juliana.martins@email.com',1,'2024-10-21 21:24:54',9,5),(74,'Roberto Souza','012.345.678-09','(11) 99234-4567','roberto.souza@email.com',1,'2024-10-21 21:24:54',10,5),(75,'Larissa Lima','123.456.789-10','(11) 99345-5678','larissa.lima@email.com',1,'2024-10-21 21:24:54',1,6),(76,'Eduardo Ferreira','234.567.890-11','(11) 99456-6789','eduardo.ferreira@email.com',1,'2024-10-21 21:24:54',2,6),(77,'Patrícia Mendes','345.678.901-12','(11) 99567-7890','patricia.mendes@email.com',1,'2024-10-21 21:24:54',3,7),(78,'André Gomes','456.789.012-13','(11) 99678-8901','andre.gomes@email.com',1,'2024-10-21 21:24:54',4,7),(79,'Sofia Lima','567.890.123-14','(11) 99789-9012','sofia.lima@email.com',1,'2024-10-21 21:24:54',5,8),(80,'Gustavo Barros','678.901.234-15','(11) 99890-0123','gustavo.barros@email.com',1,'2024-10-21 21:24:54',6,8),(81,'Camila Ribeiro','789.012.345-16','(11) 99901-1234','camila.ribeiro@email.com',1,'2024-10-21 21:24:54',7,9),(82,'Felipe Nascimento','890.123.456-17','(11) 91234-5679','felipe.nascimento@email.com',1,'2024-10-21 21:24:54',8,9),(83,'Cláudia Martins','901.234.567-18','(11) 92345-6780','claudia.martins@email.com',1,'2024-10-21 21:24:54',9,10),(84,'Thiago Rodrigues','012.345.678-19','(11) 93456-7891','thiago.rodrigues@email.com',1,'2024-10-21 21:24:54',10,10),(85,'Mariana Alves','123.456.789-20','(11) 94567-8902','mariana.alves@email.com',1,'2024-10-21 21:24:54',1,1),(86,'Leonardo Silva','234.567.890-21','(11) 95678-9013','leonardo.silva@email.com',1,'2024-10-21 21:24:54',2,1),(87,'Juliana Ferreira','345.678.901-22','(11) 96789-0124','juliana.ferreira@email.com',1,'2024-10-21 21:24:54',3,2),(88,'Ricardo Costa','456.789.012-23','(11) 97890-1235','ricardo.costa@email.com',1,'2024-10-21 21:24:54',4,2),(89,'Bruna Oliveira','567.890.123-24','(11) 98901-2346','bruna.oliveira@email.com',1,'2024-10-21 21:24:54',5,3),(90,'Marcelo Lima','678.901.234-25','(11) 99123-3457','marcelo.lima@email.com',1,'2024-10-21 21:24:54',6,3),(91,'Tatiane Santos','789.012.345-26','(11) 99234-4568','tatiane.santos@email.com',1,'2024-10-21 21:24:54',7,4),(92,'Victor Almeida','890.123.456-27','(11) 99345-5679','victor.almeida@email.com',1,'2024-10-21 21:24:54',8,4),(93,'Aline Martins','901.234.567-28','(11) 99456-6780','aline.martins@email.com',1,'2024-10-21 21:24:54',9,5),(94,'Sérgio Ferreira','012.345.678-29','(11) 99567-7891','sergio.ferreira@email.com',1,'2024-10-21 21:24:54',10,5),(95,'Fernanda Santos','123.456.789-30','(11) 99678-8902','fernanda.santos@email.com',1,'2024-10-21 21:24:54',1,6),(96,'Gabriel Barros','234.567.890-31','(11) 99789-9013','gabriel.barros@email.com',1,'2024-10-21 21:24:54',2,6),(97,'Jéssica Almeida','345.678.901-32','(11) 99890-0124','jessica.almeida@email.com',1,'2024-10-21 21:24:54',3,7),(98,'Natália Lima','456.789.012-33','(11) 99901-1235','natalia.lima@email.com',1,'2024-10-21 21:24:54',4,7),(99,'Fábio Oliveira','567.890.123-34','(11) 91234-5670','fabio.oliveira@email.com',1,'2024-10-21 21:24:54',5,8),(100,'Priscila Barros','678.901.234-35','(11) 92345-6781','priscila.barros@email.com',1,'2024-10-21 21:24:54',6,8),(101,'Danilo Rocha','789.012.345-36','(11) 93456-7892','danilo.rocha@email.com',1,'2024-10-21 21:24:54',7,9),(102,'Gisele Nascimento','890.123.456-37','(11) 94567-8903','gisele.nascimento@email.com',1,'2024-10-21 21:24:54',8,9),(103,'Nicolas Ferreira','901.234.567-38','(11) 95678-9014','nicolas.ferreira@email.com',1,'2024-10-21 21:24:54',9,10),(104,'Luan Santos','012.345.678-39','(11) 96789-0125','luan.santos@email.com',1,'2024-10-21 21:24:54',10,10),(105,'Samanta Lima','123.456.789-40','(11) 97890-1236','samanta.lima@email.com',1,'2024-10-21 21:24:54',1,1),(106,'Julio Costa','234.567.890-41','(11) 98901-2347','julio.costa@email.com',1,'2024-10-21 21:24:54',2,1),(107,'Carla Almeida','345.678.901-42','(11) 99123-3458','carla.almeida@email.com',1,'2024-10-21 21:24:54',3,2),(108,'Fernando Barros','456.789.012-43','(11) 99234-4569','fernando.barros@email.com',1,'2024-10-21 21:24:54',4,2),(109,'Raquel Martins','567.890.123-44','(11) 99345-5670','raquel.martins@email.com',1,'2024-10-21 21:24:54',5,3),(110,'Marcos Oliveira','678.901.234-45','(11) 99456-6781','marcos.oliveira@email.com',1,'2024-10-21 21:24:54',6,3),(111,'Cynthia Costa','789.012.345-46','(11) 99567-7892','cynthia.costa@email.com',1,'2024-10-21 21:24:54',7,4),(112,'Anderson Nascimento','890.123.456-47','(11) 99678-8903','anderson.nascimento@email.com',1,'2024-10-21 21:24:54',8,4),(113,'Helena Ferreira','901.234.567-48','(11) 99789-9014','helena.ferreira@email.com',1,'2024-10-21 21:24:54',9,5),(114,'Rogério Santos','012.345.678-49','(11) 99890-0125','rogerio.santos@email.com',1,'2024-10-21 21:24:54',10,5),(115,'Vanessa Lima','123.456.789-50','(11) 99901-1236','vanessa.lima@email.com',1,'2024-10-21 21:24:54',1,6),(116,'Marcio Almeida','234.567.890-51','(11) 91234-5671','marcio.almeida@email.com',1,'2024-10-21 21:24:54',2,6),(117,'Gustavo Costa','345.678.901-52','(11) 92345-6782','gustavo.costa@email.com',1,'2024-10-21 21:24:54',3,7),(118,'Claudia Barros','456.789.012-53','(11) 93456-7893','claudia.barros@email.com',1,'2024-10-21 21:24:54',4,7),(119,'Sandro Ferreira','567.890.123-54','(11) 94567-8904','sandro.ferreira@email.com',1,'2024-10-21 21:24:54',5,8),(120,'Tatiane Santos','678.901.234-55','(11) 95678-9015','tatiane.santos@email.com',1,'2024-10-21 21:24:54',6,8),(121,'Léo Nascimento','789.012.345-56','(11) 96789-0126','leo.nascimento@email.com',1,'2024-10-21 21:24:54',7,9),(122,'Aline Almeida','890.123.456-57','(11) 97890-1237','aline.almeida@email.com',1,'2024-10-21 21:24:54',8,9),(123,'Mário Barros','901.234.567-58','(11) 98901-2348','mario.barros@email.com',1,'2024-10-21 21:24:54',9,10),(124,'Silvia Ferreira','012.345.678-59','(11) 99123-3459','silvia.ferreira@email.com',1,'2024-10-21 21:24:54',10,10),(125,'Luiza Santos','123.456.789-60','(11) 99234-4560','luiza.santos@email.com',1,'2024-10-21 21:24:54',1,1),(126,'César Lima','234.567.890-61','(11) 99345-5671','cesar.lima@email.com',1,'2024-10-21 21:24:54',2,1),(127,'Michele Oliveira','345.678.901-62','(11) 99456-6782','michele.oliveira@email.com',1,'2024-10-21 21:24:54',3,2),(128,'Victor Almeida','456.789.012-63','(11) 99567-7893','victor.almeida@email.com',1,'2024-10-21 21:24:54',4,2),(129,'Tatiane Costa','567.890.123-64','(11) 99678-8904','tatiane.costa@email.com',1,'2024-10-21 21:24:54',5,3),(130,'Samuel Ferreira','678.901.234-65','(11) 99789-9015','samuel.ferreira@email.com',1,'2024-10-21 21:24:54',6,3),(131,'Gabriel Barros','789.012.345-66','(11) 99890-0126','gabriel.barros@email.com',1,'2024-10-21 21:24:54',7,4),(132,'Elaine Santos','890.123.456-67','(11) 99901-1237','elaine.santos@email.com',1,'2024-10-21 21:24:54',8,4),(133,'Rita Lima','901.234.567-68','(11) 91234-5678','rita.lima@email.com',1,'2024-10-21 21:24:54',9,5),(134,'João Costa','012.345.678-69','(11) 92345-6789','joao.costa@email.com',1,'2024-10-21 21:24:54',10,5),(135,'Rafael Nascimento','123.456.789-70','(11) 93456-7890','rafael.nascimento@email.com',1,'2024-10-21 21:24:54',1,6),(136,'Simone Almeida','234.567.890-71','(11) 94567-8901','simone.almeida@email.com',1,'2024-10-21 21:24:54',2,6);
/*!40000 ALTER TABLE `funcionarios` ENABLE KEYS */;
UNLOCK TABLES;
/*!50003 SET @saved_cs_client      = @@character_set_client */ ;
/*!50003 SET @saved_cs_results     = @@character_set_results */ ;
/*!50003 SET @saved_col_connection = @@collation_connection */ ;
/*!50003 SET character_set_client  = utf8mb4 */ ;
/*!50003 SET character_set_results = utf8mb4 */ ;
/*!50003 SET collation_connection  = utf8mb4_0900_ai_ci */ ;
/*!50003 SET @saved_sql_mode       = @@sql_mode */ ;
/*!50003 SET sql_mode              = 'ONLY_FULL_GROUP_BY,STRICT_TRANS_TABLES,NO_ZERO_IN_DATE,NO_ZERO_DATE,ERROR_FOR_DIVISION_BY_ZERO,NO_ENGINE_SUBSTITUTION' */ ;
DELIMITER ;;
/*!50003 CREATE*/ /*!50017 DEFINER=`root`@`localhost`*/ /*!50003 TRIGGER `Valida_CPF_Funcionario` BEFORE INSERT ON `funcionarios` FOR EACH ROW BEGIN
		IF EXISTS (SELECT 1 FROM Funcionarios WHERE CPF = NEW.CPF) THEN
			SIGNAL SQLSTATE '45000'
			SET MESSAGE_TEXT = 'CPF já cadastrado!';
		END IF;
			END */;;
DELIMITER ;
/*!50003 SET sql_mode              = @saved_sql_mode */ ;
/*!50003 SET character_set_client  = @saved_cs_client */ ;
/*!50003 SET character_set_results = @saved_cs_results */ ;
/*!50003 SET collation_connection  = @saved_col_connection */ ;

--
-- Temporary view structure for view `funcionários_ativos`
--

DROP TABLE IF EXISTS `funcionários_ativos`;
/*!50001 DROP VIEW IF EXISTS `funcionários_ativos`*/;
SET @saved_cs_client     = @@character_set_client;
/*!50503 SET character_set_client = utf8mb4 */;
/*!50001 CREATE VIEW `funcionários_ativos` AS SELECT 
 1 AS `id_Funcionario`,
 1 AS `Nome`,
 1 AS `CPF`,
 1 AS `Telefone`,
 1 AS `Email`,
 1 AS `Ativo`,
 1 AS `Data_Criacao`,
 1 AS `Cargo`,
 1 AS `Agencia`*/;
SET character_set_client = @saved_cs_client;

--
-- Temporary view structure for view `funcionários_inativos`
--

DROP TABLE IF EXISTS `funcionários_inativos`;
/*!50001 DROP VIEW IF EXISTS `funcionários_inativos`*/;
SET @saved_cs_client     = @@character_set_client;
/*!50503 SET character_set_client = utf8mb4 */;
/*!50001 CREATE VIEW `funcionários_inativos` AS SELECT 
 1 AS `id_Funcionario`,
 1 AS `Nome`,
 1 AS `CPF`,
 1 AS `Telefone`,
 1 AS `Email`,
 1 AS `Ativo`,
 1 AS `Data_Criacao`,
 1 AS `Cargo`,
 1 AS `Agencia`*/;
SET character_set_client = @saved_cs_client;

--
-- Table structure for table `status_produtos`
--

DROP TABLE IF EXISTS `status_produtos`;
/*!40101 SET @saved_cs_client     = @@character_set_client */;
/*!50503 SET character_set_client = utf8mb4 */;
CREATE TABLE `status_produtos` (
  `id_Status_Produto` int NOT NULL AUTO_INCREMENT,
  `Descricao` varchar(50) NOT NULL,
  `Data_Criacao` datetime NOT NULL DEFAULT CURRENT_TIMESTAMP,
  PRIMARY KEY (`id_Status_Produto`)
) ENGINE=InnoDB AUTO_INCREMENT=7 DEFAULT CHARSET=utf8mb4 COLLATE=utf8mb4_0900_ai_ci;
/*!40101 SET character_set_client = @saved_cs_client */;

--
-- Dumping data for table `status_produtos`
--

LOCK TABLES `status_produtos` WRITE;
/*!40000 ALTER TABLE `status_produtos` DISABLE KEYS */;
INSERT INTO `status_produtos` VALUES (1,'Válido','2024-10-21 21:44:17'),(2,'Inválido','2024-10-21 21:44:17'),(3,'Em análise','2024-10-21 21:44:17'),(4,'Em andamento','2024-10-21 21:44:17'),(5,'Concluído','2024-10-21 21:44:17'),(6,'Cancelado','2024-10-21 21:44:17');
/*!40000 ALTER TABLE `status_produtos` ENABLE KEYS */;
UNLOCK TABLES;

--
-- Table structure for table `tipo_transacao`
--

DROP TABLE IF EXISTS `tipo_transacao`;
/*!40101 SET @saved_cs_client     = @@character_set_client */;
/*!50503 SET character_set_client = utf8mb4 */;
CREATE TABLE `tipo_transacao` (
  `id_Tipo_Transacao` int NOT NULL AUTO_INCREMENT,
  `Tipo` varchar(20) NOT NULL,
  `Data_Criacao` datetime NOT NULL DEFAULT CURRENT_TIMESTAMP,
  PRIMARY KEY (`id_Tipo_Transacao`)
) ENGINE=InnoDB AUTO_INCREMENT=8 DEFAULT CHARSET=utf8mb4 COLLATE=utf8mb4_0900_ai_ci;
/*!40101 SET character_set_client = @saved_cs_client */;

--
-- Dumping data for table `tipo_transacao`
--

LOCK TABLES `tipo_transacao` WRITE;
/*!40000 ALTER TABLE `tipo_transacao` DISABLE KEYS */;
INSERT INTO `tipo_transacao` VALUES (1,'Depósito','2024-10-22 19:42:25'),(2,'Saque','2024-10-22 19:42:25'),(3,'Pix recebido','2024-10-22 19:42:25'),(4,'Pix enviado','2024-10-22 19:42:25'),(5,'Pagamento','2024-10-22 19:42:25'),(6,'Cartão de Débito','2024-10-22 19:42:25'),(7,'Cartão de Crédito','2024-10-22 19:42:25');
/*!40000 ALTER TABLE `tipo_transacao` ENABLE KEYS */;
UNLOCK TABLES;

--
-- Table structure for table `tipos_cartoes`
--

DROP TABLE IF EXISTS `tipos_cartoes`;
/*!40101 SET @saved_cs_client     = @@character_set_client */;
/*!50503 SET character_set_client = utf8mb4 */;
CREATE TABLE `tipos_cartoes` (
  `id_Tipo_Cartao` int NOT NULL AUTO_INCREMENT,
  `Tipo` varchar(20) NOT NULL,
  `Data_Criacao` datetime NOT NULL DEFAULT CURRENT_TIMESTAMP,
  PRIMARY KEY (`id_Tipo_Cartao`)
) ENGINE=InnoDB AUTO_INCREMENT=3 DEFAULT CHARSET=utf8mb4 COLLATE=utf8mb4_0900_ai_ci;
/*!40101 SET character_set_client = @saved_cs_client */;

--
-- Dumping data for table `tipos_cartoes`
--

LOCK TABLES `tipos_cartoes` WRITE;
/*!40000 ALTER TABLE `tipos_cartoes` DISABLE KEYS */;
INSERT INTO `tipos_cartoes` VALUES (1,'Débito','2024-10-21 21:42:18'),(2,'Crédito','2024-10-21 21:42:18');
/*!40000 ALTER TABLE `tipos_cartoes` ENABLE KEYS */;
UNLOCK TABLES;

--
-- Table structure for table `tipos_contas`
--

DROP TABLE IF EXISTS `tipos_contas`;
/*!40101 SET @saved_cs_client     = @@character_set_client */;
/*!50503 SET character_set_client = utf8mb4 */;
CREATE TABLE `tipos_contas` (
  `id_Tipo_Conta` int NOT NULL AUTO_INCREMENT,
  `Tipo` varchar(20) NOT NULL,
  `Data_Criacao` datetime NOT NULL DEFAULT CURRENT_TIMESTAMP,
  PRIMARY KEY (`id_Tipo_Conta`)
) ENGINE=InnoDB AUTO_INCREMENT=5 DEFAULT CHARSET=utf8mb4 COLLATE=utf8mb4_0900_ai_ci;
/*!40101 SET character_set_client = @saved_cs_client */;

--
-- Dumping data for table `tipos_contas`
--

LOCK TABLES `tipos_contas` WRITE;
/*!40000 ALTER TABLE `tipos_contas` DISABLE KEYS */;
INSERT INTO `tipos_contas` VALUES (1,'Corrente','2024-10-21 21:37:51'),(2,'Poupança','2024-10-21 21:37:51'),(3,'Salário','2024-10-21 21:37:51'),(4,'Universitária','2024-10-21 21:37:51');
/*!40000 ALTER TABLE `tipos_contas` ENABLE KEYS */;
UNLOCK TABLES;

--
-- Table structure for table `tipos_emprestimos`
--

DROP TABLE IF EXISTS `tipos_emprestimos`;
/*!40101 SET @saved_cs_client     = @@character_set_client */;
/*!50503 SET character_set_client = utf8mb4 */;
CREATE TABLE `tipos_emprestimos` (
  `id_Tipo_Emprestimo` int NOT NULL AUTO_INCREMENT,
  `Tipo` varchar(20) NOT NULL,
  `Data_Criacao` datetime NOT NULL DEFAULT CURRENT_TIMESTAMP,
  PRIMARY KEY (`id_Tipo_Emprestimo`)
) ENGINE=InnoDB AUTO_INCREMENT=5 DEFAULT CHARSET=utf8mb4 COLLATE=utf8mb4_0900_ai_ci;
/*!40101 SET character_set_client = @saved_cs_client */;

--
-- Dumping data for table `tipos_emprestimos`
--

LOCK TABLES `tipos_emprestimos` WRITE;
/*!40000 ALTER TABLE `tipos_emprestimos` DISABLE KEYS */;
INSERT INTO `tipos_emprestimos` VALUES (1,'Pessoal','2024-10-22 19:40:52'),(2,'Consignado','2024-10-22 19:40:52'),(3,'Imobiliário','2024-10-22 19:40:52'),(4,'Automóvel','2024-10-22 19:40:52');
/*!40000 ALTER TABLE `tipos_emprestimos` ENABLE KEYS */;
UNLOCK TABLES;

--
-- Table structure for table `tipos_financiamentos`
--

DROP TABLE IF EXISTS `tipos_financiamentos`;
/*!40101 SET @saved_cs_client     = @@character_set_client */;
/*!50503 SET character_set_client = utf8mb4 */;
CREATE TABLE `tipos_financiamentos` (
  `id_Tipo_financiamento` int NOT NULL AUTO_INCREMENT,
  `Tipo` varchar(20) NOT NULL,
  `Data_Criacao` datetime NOT NULL DEFAULT CURRENT_TIMESTAMP,
  PRIMARY KEY (`id_Tipo_financiamento`)
) ENGINE=InnoDB AUTO_INCREMENT=5 DEFAULT CHARSET=utf8mb4 COLLATE=utf8mb4_0900_ai_ci;
/*!40101 SET character_set_client = @saved_cs_client */;

--
-- Dumping data for table `tipos_financiamentos`
--

LOCK TABLES `tipos_financiamentos` WRITE;
/*!40000 ALTER TABLE `tipos_financiamentos` DISABLE KEYS */;
INSERT INTO `tipos_financiamentos` VALUES (1,'Imobiliário','2024-10-21 21:02:33'),(2,'Automóvel','2024-10-21 21:02:33'),(3,'Consignado','2024-10-21 21:02:33'),(4,'Consórcio','2024-10-21 21:02:33');
/*!40000 ALTER TABLE `tipos_financiamentos` ENABLE KEYS */;
UNLOCK TABLES;

--
-- Table structure for table `transacoes`
--

DROP TABLE IF EXISTS `transacoes`;
/*!40101 SET @saved_cs_client     = @@character_set_client */;
/*!50503 SET character_set_client = utf8mb4 */;
CREATE TABLE `transacoes` (
  `id_Transacao` int NOT NULL AUTO_INCREMENT,
  `Data_Transacao` datetime NOT NULL DEFAULT CURRENT_TIMESTAMP,
  `Valor` decimal(10,2) NOT NULL,
  `Operacao` varchar(10) DEFAULT NULL,
  `Tipo` int NOT NULL,
  `Conta` int NOT NULL,
  PRIMARY KEY (`id_Transacao`),
  KEY `Tipo` (`Tipo`),
  KEY `Conta` (`Conta`),
  CONSTRAINT `transacoes_ibfk_1` FOREIGN KEY (`Tipo`) REFERENCES `tipo_transacao` (`id_Tipo_Transacao`),
  CONSTRAINT `transacoes_ibfk_2` FOREIGN KEY (`Conta`) REFERENCES `contas` (`id_Conta`)
) ENGINE=InnoDB AUTO_INCREMENT=224 DEFAULT CHARSET=utf8mb4 COLLATE=utf8mb4_0900_ai_ci;
/*!40101 SET character_set_client = @saved_cs_client */;

--
-- Dumping data for table `transacoes`
--

LOCK TABLES `transacoes` WRITE;
/*!40000 ALTER TABLE `transacoes` DISABLE KEYS */;
INSERT INTO `transacoes` VALUES (1,'2024-10-22 19:43:13',125.50,'Crédito',1,15),(2,'2024-10-22 19:43:13',876.00,'Débito',2,23),(3,'2024-10-22 19:43:13',654.75,'Crédito',3,7),(4,'2024-10-22 19:43:13',220.00,'Débito',4,45),(5,'2024-10-22 19:43:13',350.25,'Débito',5,102),(6,'2024-10-22 19:43:13',478.90,'Débito',6,198),(7,'2024-10-22 19:43:13',999.99,'Débito',7,34),(8,'2024-10-22 19:43:13',50.00,'Crédito',1,78),(9,'2024-10-22 19:43:13',240.15,'Débito',2,54),(10,'2024-10-22 19:43:13',12.99,'Crédito',3,22),(11,'2024-10-22 19:43:13',300.10,'Débito',4,111),(12,'2024-10-22 19:43:13',650.30,'Débito',5,87),(13,'2024-10-22 19:43:13',78.75,'Débito',6,199),(14,'2024-10-22 19:43:13',150.45,'Débito',7,3),(15,'2024-10-22 19:43:13',400.60,'Crédito',1,12),(16,'2024-10-22 19:43:13',90.90,'Débito',2,66),(17,'2024-10-22 19:43:13',320.80,'Crédito',3,175),(18,'2024-10-22 19:43:13',615.00,'Débito',4,200),(19,'2024-10-22 19:43:13',55.25,'Débito',5,14),(20,'2024-10-22 19:43:13',715.40,'Débito',6,99),(21,'2024-10-22 19:43:13',10.50,'Débito',7,85),(22,'2024-10-22 19:43:13',950.15,'Crédito',1,27),(23,'2024-10-22 19:43:13',145.30,'Débito',2,80),(24,'2024-10-22 19:43:13',512.90,'Crédito',3,43),(25,'2024-10-22 19:43:13',890.10,'Débito',4,156),(26,'2024-10-22 19:43:13',230.20,'Débito',5,67),(27,'2024-10-22 19:43:13',320.99,'Débito',6,111),(28,'2024-10-22 19:43:13',789.60,'Débito',7,289),(29,'2024-10-22 19:43:13',555.55,'Crédito',1,25),(30,'2024-10-22 19:43:13',95.80,'Débito',2,9),(31,'2024-10-22 19:43:13',470.45,'Crédito',3,142),(32,'2024-10-22 19:43:13',875.00,'Débito',4,50),(33,'2024-10-22 19:43:13',680.00,'Débito',5,40),(34,'2024-10-22 19:43:13',299.99,'Débito',6,130),(35,'2024-10-22 19:43:13',60.20,'Débito',7,175),(36,'2024-10-22 19:43:13',810.00,'Crédito',1,24),(37,'2024-10-22 19:43:13',35.50,'Débito',2,88),(38,'2024-10-22 19:43:13',425.60,'Crédito',3,19),(39,'2024-10-22 19:43:13',760.30,'Débito',4,70),(40,'2024-10-22 19:43:13',110.99,'Débito',5,11),(41,'2024-10-22 19:43:13',500.05,'Débito',6,33),(42,'2024-10-22 19:43:13',980.00,'Débito',7,250),(43,'2024-10-22 19:43:13',45.80,'Crédito',1,3),(44,'2024-10-22 19:43:13',120.60,'Débito',2,60),(45,'2024-10-22 19:43:13',710.45,'Crédito',3,200),(46,'2024-10-22 19:43:13',255.00,'Débito',4,5),(47,'2024-10-22 19:43:13',300.75,'Débito',5,159),(48,'2024-10-22 19:43:13',200.20,'Débito',6,67),(49,'2024-10-22 19:43:13',10.10,'Débito',7,292),(50,'2024-10-22 19:43:13',999.00,'Crédito',1,143),(51,'2024-10-22 19:43:13',415.15,'Débito',2,159),(52,'2024-10-22 19:43:13',670.30,'Crédito',3,22),(53,'2024-10-22 19:43:13',355.60,'Débito',4,90),(54,'2024-10-22 19:43:13',47.40,'Débito',5,15),(55,'2024-10-22 19:43:13',850.10,'Débito',6,240),(56,'2024-10-22 19:43:13',15.25,'Débito',7,175),(57,'2024-10-22 19:43:13',700.90,'Crédito',1,102),(58,'2024-10-22 19:43:13',200.00,'Débito',2,18),(59,'2024-10-22 19:43:13',333.75,'Crédito',3,12),(60,'2024-10-22 19:43:13',875.40,'Débito',4,55),(61,'2024-10-22 19:43:13',440.20,'Débito',5,41),(62,'2024-10-22 19:43:13',990.99,'Débito',6,77),(63,'2024-10-22 19:43:13',88.88,'Débito',7,96),(64,'2024-10-22 19:43:13',60.00,'Crédito',1,59),(65,'2024-10-22 19:43:13',27.50,'Débito',2,28),(66,'2024-10-22 19:43:13',468.00,'Crédito',3,32),(67,'2024-10-22 19:43:13',800.40,'Débito',4,180),(68,'2024-10-22 19:43:13',350.20,'Débito',5,206),(69,'2024-10-22 19:43:13',499.90,'Débito',6,15),(70,'2024-10-22 19:43:13',70.30,'Débito',7,88),(71,'2024-10-22 19:43:13',210.00,'Crédito',1,200),(72,'2024-10-22 19:43:13',12.50,'Débito',2,17),(73,'2024-10-22 19:43:13',540.15,'Crédito',3,250),(74,'2024-10-22 19:43:13',790.25,'Débito',4,130),(75,'2024-10-22 19:43:13',33.33,'Débito',5,68),(76,'2024-10-22 19:43:13',678.90,'Débito',6,45),(77,'2024-10-22 19:43:13',15.00,'Débito',7,97),(78,'2024-10-22 19:43:13',100.10,'Crédito',1,53),(79,'2024-10-22 19:43:13',365.50,'Débito',2,141),(80,'2024-10-22 19:43:13',890.50,'Crédito',3,77),(81,'2024-10-22 19:43:13',900.00,'Débito',4,199),(82,'2024-10-22 19:43:13',250.25,'Débito',5,98),(83,'2024-10-22 19:43:13',35.75,'Débito',6,66),(84,'2024-10-22 19:43:13',480.30,'Débito',7,189),(85,'2024-10-22 19:43:13',1000.00,'Crédito',1,290),(86,'2024-10-22 19:43:13',350.40,'Débito',2,186),(87,'2024-10-22 19:43:13',800.80,'Crédito',3,8),(88,'2024-10-22 19:43:13',150.60,'Débito',4,24),(89,'2024-10-22 19:43:13',45.15,'Débito',5,102),(90,'2024-10-22 19:43:13',725.20,'Débito',6,11),(91,'2024-10-22 19:43:13',190.70,'Débito',7,14),(92,'2024-10-22 19:43:13',22.00,'Crédito',1,177),(93,'2024-10-22 19:43:13',300.60,'Débito',2,212),(94,'2024-10-22 19:43:13',25.00,'Crédito',3,65),(95,'2024-10-22 19:43:13',640.40,'Débito',4,184),(96,'2024-10-22 19:43:13',80.25,'Débito',5,55),(97,'2024-10-22 19:43:13',275.15,'Débito',6,220),(98,'2024-10-22 19:43:13',57.50,'Débito',7,250),(99,'2024-10-22 19:43:13',15.90,'Crédito',1,121),(100,'2024-10-22 19:43:13',700.25,'Débito',2,295),(101,'2024-10-22 19:43:13',990.10,'Crédito',3,145),(102,'2024-10-22 19:43:13',44.75,'Débito',4,175),(103,'2024-10-22 19:43:13',888.88,'Débito',5,4),(104,'2024-10-22 19:43:13',50.00,'Débito',6,60),(105,'2024-10-22 19:43:13',300.90,'Débito',7,290),(106,'2024-10-22 19:43:13',10.00,'Crédito',1,200),(107,'2024-10-22 19:43:13',24.50,'Débito',2,6),(108,'2024-10-22 19:43:13',720.80,'Crédito',3,140),(109,'2024-10-22 19:43:13',100.75,'Débito',4,12),(110,'2024-10-22 19:43:13',130.50,'Débito',5,170),(111,'2024-10-22 19:43:13',250.25,'Débito',6,150),(112,'2024-10-22 19:43:13',40.60,'Débito',7,56),(113,'2024-10-22 19:43:13',890.90,'Crédito',1,99),(114,'2024-10-22 19:43:13',55.45,'Débito',2,143),(115,'2024-10-22 19:43:13',600.15,'Crédito',3,37),(116,'2024-10-22 19:43:13',740.50,'Débito',4,22),(117,'2024-10-22 19:43:13',11.20,'Débito',5,88),(118,'2024-10-22 19:43:13',135.80,'Débito',6,230),(119,'2024-10-22 19:43:13',900.00,'Débito',7,150),(120,'2024-10-22 19:43:13',33.30,'Crédito',1,112),(121,'2024-10-22 19:43:13',555.55,'Débito',2,182),(122,'2024-10-22 19:43:13',780.10,'Crédito',3,207),(123,'2024-10-22 19:43:13',280.40,'Débito',4,189),(124,'2024-10-22 19:43:13',11.50,'Débito',5,204),(125,'2024-10-22 19:43:13',350.15,'Débito',6,199),(126,'2024-10-22 19:43:13',999.99,'Débito',7,174),(127,'2024-10-22 19:43:13',800.00,'Crédito',1,16),(128,'2024-10-22 19:43:13',240.00,'Débito',2,125),(129,'2024-10-22 19:43:13',420.25,'Crédito',3,165),(130,'2024-10-22 19:43:13',600.90,'Débito',4,70),(131,'2024-10-22 19:43:13',135.15,'Débito',5,36),(132,'2024-10-22 19:43:13',11.75,'Débito',6,198),(133,'2024-10-22 19:43:13',23.60,'Débito',7,33),(134,'2024-10-22 19:43:13',760.10,'Crédito',1,4),(135,'2024-10-22 19:43:13',40.20,'Débito',2,23),(136,'2024-10-22 19:43:13',330.00,'Crédito',3,45),(137,'2024-10-22 19:43:13',990.30,'Débito',4,92),(138,'2024-10-22 19:43:13',150.20,'Débito',5,78),(139,'2024-10-22 19:43:13',88.25,'Débito',6,56),(140,'2024-10-22 19:43:13',77.10,'Débito',7,203),(141,'2024-10-22 19:43:13',25.25,'Crédito',1,295),(142,'2024-10-22 19:43:13',85.50,'Débito',2,12),(143,'2024-10-22 19:43:13',600.00,'Crédito',3,150),(144,'2024-10-22 19:43:13',460.50,'Débito',4,88),(145,'2024-10-22 19:43:13',90.99,'Débito',5,92),(146,'2024-10-22 19:43:13',70.00,'Débito',6,245),(147,'2024-10-22 19:43:13',90.75,'Débito',7,67),(148,'2024-10-22 19:43:13',78.90,'Crédito',1,245),(149,'2024-10-22 19:43:13',900.15,'Débito',2,170),(150,'2024-10-22 19:43:13',430.60,'Crédito',3,122),(151,'2024-10-22 19:43:13',25.90,'Débito',4,68),(152,'2024-10-22 19:43:13',15.00,'Débito',5,102),(153,'2024-10-22 19:43:13',500.25,'Débito',6,230),(154,'2024-10-22 19:43:13',199.99,'Débito',7,195),(155,'2024-10-22 19:43:13',10.25,'Crédito',1,11),(156,'2024-10-22 19:43:13',45.00,'Débito',2,200),(157,'2024-10-22 19:43:13',700.40,'Crédito',3,156),(158,'2024-10-22 19:43:13',25.70,'Débito',4,16),(159,'2024-10-22 19:43:13',250.00,'Débito',5,32),(160,'2024-10-22 19:43:13',355.60,'Débito',6,300),(161,'2024-10-22 19:43:13',22.50,'Débito',7,18),(162,'2024-10-22 19:43:13',100.50,'Crédito',1,19),(163,'2024-10-22 19:43:13',765.90,'Débito',2,254),(164,'2024-10-22 19:43:13',56.25,'Crédito',3,127),(165,'2024-10-22 19:43:13',500.50,'Débito',4,174),(166,'2024-10-22 19:43:13',150.75,'Débito',5,112),(167,'2024-10-22 19:43:13',40.20,'Débito',6,39),(168,'2024-10-22 19:43:13',999.99,'Débito',7,3),(169,'2024-10-22 19:43:13',200.15,'Crédito',1,81),(170,'2024-10-22 19:43:13',15.20,'Débito',2,205),(171,'2024-10-22 19:43:13',600.25,'Crédito',3,37),(172,'2024-10-22 19:43:13',25.75,'Débito',4,12),(173,'2024-10-22 19:43:13',100.30,'Débito',5,145),(174,'2024-10-22 19:43:13',990.90,'Débito',6,210),(175,'2024-10-22 19:43:13',700.20,'Débito',7,22),(176,'2024-10-22 19:43:13',88.80,'Crédito',1,104),(177,'2024-10-22 19:43:13',500.00,'Débito',2,225),(178,'2024-10-22 19:43:13',35.60,'Crédito',3,88),(179,'2024-10-22 19:43:13',750.45,'Débito',4,56),(180,'2024-10-22 19:43:13',400.15,'Débito',5,143),(181,'2024-10-22 19:43:13',999.00,'Débito',6,157),(182,'2024-10-22 19:43:13',11.50,'Débito',7,67),(183,'2024-10-22 19:43:13',220.20,'Crédito',1,49),(184,'2024-10-22 19:43:13',85.30,'Débito',2,72),(185,'2024-10-22 19:43:13',650.60,'Crédito',3,19),(186,'2024-10-22 19:43:13',15.90,'Débito',4,11),(187,'2024-10-22 19:43:13',70.80,'Débito',5,23),(188,'2024-10-22 19:43:13',45.00,'Débito',6,122),(189,'2024-10-22 19:43:13',1000.00,'Débito',7,40),(196,'2024-10-23 21:13:54',100.00,'Débito',2,1),(197,'2024-10-23 21:22:24',200.00,'Crédito',3,10),(198,'2024-10-23 21:22:59',200.00,'Crédito',3,10),(199,'2024-10-23 21:23:58',100.00,'Crédito',3,1),(200,'2024-10-23 21:24:24',100.00,'Crédito',1,1),(201,'2024-10-23 21:26:18',100.00,'Crédito',1,1),(202,'2024-10-23 21:26:29',100.00,'Crédito',1,1),(203,'2024-10-23 21:35:56',100.00,'Crédito',1,1),(204,'2024-10-23 21:37:00',-100.00,'Crédito',1,1),(205,'2024-10-23 21:38:19',100.00,'Crédito',1,1),(206,'2024-10-23 21:40:10',100.00,'Crédito',1,1),(207,'2024-10-23 21:40:20',200.00,'Crédito',1,1),(208,'2024-10-23 21:40:29',200.00,'Crédito',3,1),(211,'2024-10-24 10:59:18',50.00,'Crédito',1,23),(212,'2024-10-24 10:59:38',25.00,'Débito',2,23),(213,'2024-10-24 11:06:53',200.00,'Crédito',1,21),(214,'2024-10-24 11:07:21',100.00,'Crédito',1,21),(215,'2024-10-24 11:07:59',50.00,'Crédito',1,21),(216,'2024-10-24 11:20:24',75.00,'Débito',2,21),(217,'2024-10-24 11:29:23',100.00,'Débito',2,1),(218,'2024-10-24 11:29:53',100.00,'Crédito',3,21),(219,'2024-10-24 11:38:30',200.00,'Débito',2,21),(220,'2024-10-24 11:39:43',200.00,'Crédito',1,21),(221,'2024-10-24 11:39:57',100.00,'Débito',7,21),(222,'2024-10-24 11:40:06',100.00,'Débito',5,21),(223,'2024-10-24 15:23:48',100.00,'Crédito',1,21);
/*!40000 ALTER TABLE `transacoes` ENABLE KEYS */;
UNLOCK TABLES;
/*!50003 SET @saved_cs_client      = @@character_set_client */ ;
/*!50003 SET @saved_cs_results     = @@character_set_results */ ;
/*!50003 SET @saved_col_connection = @@collation_connection */ ;
/*!50003 SET character_set_client  = utf8mb4 */ ;
/*!50003 SET character_set_results = utf8mb4 */ ;
/*!50003 SET collation_connection  = utf8mb4_0900_ai_ci */ ;
/*!50003 SET @saved_sql_mode       = @@sql_mode */ ;
/*!50003 SET sql_mode              = 'ONLY_FULL_GROUP_BY,STRICT_TRANS_TABLES,NO_ZERO_IN_DATE,NO_ZERO_DATE,ERROR_FOR_DIVISION_BY_ZERO,NO_ENGINE_SUBSTITUTION' */ ;
DELIMITER ;;
/*!50003 CREATE*/ /*!50017 DEFINER=`dba`@`%`*/ /*!50003 TRIGGER `validar_saldo` BEFORE INSERT ON `transacoes` FOR EACH ROW BEGIN 
	
    DECLARE saldo_atual DECIMAL(10,2);
	SET saldo_atual = 0;
    
    SELECT Saldo INTO saldo_atual
		FROM Contas
	WHERE id_conta = NEW.Conta;
    
    IF NEW.Tipo IN ('2', '4', '5', '6', '7') AND saldo_atual < NEW.Valor THEN
        signal sqlstate '45000'
		set message_text = 'Saldo insuficiente para realizar a transação!';
	END IF;
END */;;
DELIMITER ;
/*!50003 SET sql_mode              = @saved_sql_mode */ ;
/*!50003 SET character_set_client  = @saved_cs_client */ ;
/*!50003 SET character_set_results = @saved_cs_results */ ;
/*!50003 SET collation_connection  = @saved_col_connection */ ;
/*!50003 SET @saved_cs_client      = @@character_set_client */ ;
/*!50003 SET @saved_cs_results     = @@character_set_results */ ;
/*!50003 SET @saved_col_connection = @@collation_connection */ ;
/*!50003 SET character_set_client  = utf8mb4 */ ;
/*!50003 SET character_set_results = utf8mb4 */ ;
/*!50003 SET collation_connection  = utf8mb4_0900_ai_ci */ ;
/*!50003 SET @saved_sql_mode       = @@sql_mode */ ;
/*!50003 SET sql_mode              = 'ONLY_FULL_GROUP_BY,STRICT_TRANS_TABLES,NO_ZERO_IN_DATE,NO_ZERO_DATE,ERROR_FOR_DIVISION_BY_ZERO,NO_ENGINE_SUBSTITUTION' */ ;
DELIMITER ;;
/*!50003 CREATE*/ /*!50017 DEFINER=`dba`@`%`*/ /*!50003 TRIGGER `Preenche_Tipo_Operacao` BEFORE INSERT ON `transacoes` FOR EACH ROW BEGIN
	IF NEW.Tipo = '1' OR '3'
		THEN
		SET NEW.Operacao = 'Crédito';
    
		ELSEIF NEW.Tipo = '2' OR '4' OR '5' OR '6' OR'7'
	THEN
		SET NEW.Operacao = 'Débito';
END IF;
END */;;
DELIMITER ;
/*!50003 SET sql_mode              = @saved_sql_mode */ ;
/*!50003 SET character_set_client  = @saved_cs_client */ ;
/*!50003 SET character_set_results = @saved_cs_results */ ;
/*!50003 SET collation_connection  = @saved_col_connection */ ;
/*!50003 SET @saved_cs_client      = @@character_set_client */ ;
/*!50003 SET @saved_cs_results     = @@character_set_results */ ;
/*!50003 SET @saved_col_connection = @@collation_connection */ ;
/*!50003 SET character_set_client  = utf8mb4 */ ;
/*!50003 SET character_set_results = utf8mb4 */ ;
/*!50003 SET collation_connection  = utf8mb4_0900_ai_ci */ ;
/*!50003 SET @saved_sql_mode       = @@sql_mode */ ;
/*!50003 SET sql_mode              = 'ONLY_FULL_GROUP_BY,STRICT_TRANS_TABLES,NO_ZERO_IN_DATE,NO_ZERO_DATE,ERROR_FOR_DIVISION_BY_ZERO,NO_ENGINE_SUBSTITUTION' */ ;
DELIMITER ;;
/*!50003 CREATE*/ /*!50017 DEFINER=`dba`@`%`*/ /*!50003 TRIGGER `Operacao_Conta` AFTER INSERT ON `transacoes` FOR EACH ROW BEGIN
   	 
	IF NEW.Tipo IN ('2', '4', '5', '6', '7')
	THEN
    	UPDATE Contas
    	SET Saldo = Saldo - NEW.Valor
        WHERE id_Conta = NEW.Conta;
        
	ELSEIF NEW.Tipo IN ('1', '3')
	THEN
    	UPDATE Contas
    	SET Saldo = Saldo + NEW.Valor
        WHERE id_Conta = NEW.Conta;
	END IF;
    
	END */;;
DELIMITER ;
/*!50003 SET sql_mode              = @saved_sql_mode */ ;
/*!50003 SET character_set_client  = @saved_cs_client */ ;
/*!50003 SET character_set_results = @saved_cs_results */ ;
/*!50003 SET collation_connection  = @saved_col_connection */ ;

--
-- Temporary view structure for view `transacoes_recentes`
--

DROP TABLE IF EXISTS `transacoes_recentes`;
/*!50001 DROP VIEW IF EXISTS `transacoes_recentes`*/;
SET @saved_cs_client     = @@character_set_client;
/*!50503 SET character_set_client = utf8mb4 */;
/*!50001 CREATE VIEW `transacoes_recentes` AS SELECT 
 1 AS `Cliente`,
 1 AS `Nº Conta`,
 1 AS `Agência`,
 1 AS `Nº`,
 1 AS `Data`,
 1 AS `Valor`,
 1 AS `Tipo`*/;
SET character_set_client = @saved_cs_client;

--
-- Dumping events for database 'senabank'
--

--
-- Dumping routines for database 'senabank'
--
/*!50003 DROP FUNCTION IF EXISTS `Cliente_mais_antigo` */;
/*!50003 SET @saved_cs_client      = @@character_set_client */ ;
/*!50003 SET @saved_cs_results     = @@character_set_results */ ;
/*!50003 SET @saved_col_connection = @@collation_connection */ ;
/*!50003 SET character_set_client  = utf8mb4 */ ;
/*!50003 SET character_set_results = utf8mb4 */ ;
/*!50003 SET collation_connection  = utf8mb4_0900_ai_ci */ ;
/*!50003 SET @saved_sql_mode       = @@sql_mode */ ;
/*!50003 SET sql_mode              = 'ONLY_FULL_GROUP_BY,STRICT_TRANS_TABLES,NO_ZERO_IN_DATE,NO_ZERO_DATE,ERROR_FOR_DIVISION_BY_ZERO,NO_ENGINE_SUBSTITUTION' */ ;
DELIMITER ;;
CREATE DEFINER=`root`@`localhost` FUNCTION `Cliente_mais_antigo`() RETURNS varchar(50) CHARSET utf8mb4
    DETERMINISTIC
BEGIN
	DECLARE Nome_Cliente VARCHAR(50);
        SELECT Nome INTO Nome_Cliente FROM Clientes
	ORDER BY Data_Criacao ASC
		LIMIT 1;
	RETURN Nome_Cliente;
END ;;
DELIMITER ;
/*!50003 SET sql_mode              = @saved_sql_mode */ ;
/*!50003 SET character_set_client  = @saved_cs_client */ ;
/*!50003 SET character_set_results = @saved_cs_results */ ;
/*!50003 SET collation_connection  = @saved_col_connection */ ;
/*!50003 DROP FUNCTION IF EXISTS `consulta_saldo_conta` */;
/*!50003 SET @saved_cs_client      = @@character_set_client */ ;
/*!50003 SET @saved_cs_results     = @@character_set_results */ ;
/*!50003 SET @saved_col_connection = @@collation_connection */ ;
/*!50003 SET character_set_client  = utf8mb4 */ ;
/*!50003 SET character_set_results = utf8mb4 */ ;
/*!50003 SET collation_connection  = utf8mb4_0900_ai_ci */ ;
/*!50003 SET @saved_sql_mode       = @@sql_mode */ ;
/*!50003 SET sql_mode              = 'ONLY_FULL_GROUP_BY,STRICT_TRANS_TABLES,NO_ZERO_IN_DATE,NO_ZERO_DATE,ERROR_FOR_DIVISION_BY_ZERO,NO_ENGINE_SUBSTITUTION' */ ;
DELIMITER ;;
CREATE DEFINER=`root`@`localhost` FUNCTION `consulta_saldo_conta`(Conta INT) RETURNS decimal(10,2)
    DETERMINISTIC
BEGIN
	DECLARE Saldo_Conta DECIMAL(10,2);
    
	SELECT Saldo INTO Saldo_Conta
	FROM contas
	WHERE id_Conta = Conta;
    
	RETURN Saldo_Conta;
END ;;
DELIMITER ;
/*!50003 SET sql_mode              = @saved_sql_mode */ ;
/*!50003 SET character_set_client  = @saved_cs_client */ ;
/*!50003 SET character_set_results = @saved_cs_results */ ;
/*!50003 SET collation_connection  = @saved_col_connection */ ;
/*!50003 DROP FUNCTION IF EXISTS `obter_tipo_transacao` */;
/*!50003 SET @saved_cs_client      = @@character_set_client */ ;
/*!50003 SET @saved_cs_results     = @@character_set_results */ ;
/*!50003 SET @saved_col_connection = @@collation_connection */ ;
/*!50003 SET character_set_client  = utf8mb4 */ ;
/*!50003 SET character_set_results = utf8mb4 */ ;
/*!50003 SET collation_connection  = utf8mb4_0900_ai_ci */ ;
/*!50003 SET @saved_sql_mode       = @@sql_mode */ ;
/*!50003 SET sql_mode              = 'ONLY_FULL_GROUP_BY,STRICT_TRANS_TABLES,NO_ZERO_IN_DATE,NO_ZERO_DATE,ERROR_FOR_DIVISION_BY_ZERO,NO_ENGINE_SUBSTITUTION' */ ;
DELIMITER ;;
CREATE DEFINER=`dba`@`%` FUNCTION `obter_tipo_transacao`(id_do_tipo INT) RETURNS int
    DETERMINISTIC
BEGIN 
	DECLARE tipo_valor INT;
    SELECT Tipo INTO tipo_valor FROM transacoes WHERE id_Transacao = id_do_tipo;
    RETURN tipo_valor;
END ;;
DELIMITER ;
/*!50003 SET sql_mode              = @saved_sql_mode */ ;
/*!50003 SET character_set_client  = @saved_cs_client */ ;
/*!50003 SET character_set_results = @saved_cs_results */ ;
/*!50003 SET collation_connection  = @saved_col_connection */ ;
/*!50003 DROP FUNCTION IF EXISTS `Obter_Valor_Transacao` */;
/*!50003 SET @saved_cs_client      = @@character_set_client */ ;
/*!50003 SET @saved_cs_results     = @@character_set_results */ ;
/*!50003 SET @saved_col_connection = @@collation_connection */ ;
/*!50003 SET character_set_client  = utf8mb4 */ ;
/*!50003 SET character_set_results = utf8mb4 */ ;
/*!50003 SET collation_connection  = utf8mb4_0900_ai_ci */ ;
/*!50003 SET @saved_sql_mode       = @@sql_mode */ ;
/*!50003 SET sql_mode              = 'ONLY_FULL_GROUP_BY,STRICT_TRANS_TABLES,NO_ZERO_IN_DATE,NO_ZERO_DATE,ERROR_FOR_DIVISION_BY_ZERO,NO_ENGINE_SUBSTITUTION' */ ;
DELIMITER ;;
CREATE DEFINER=`dba`@`%` FUNCTION `Obter_Valor_Transacao`(ID INT) RETURNS decimal(10,2)
    DETERMINISTIC
BEGIN
	DECLARE Valor DECIMAL(10,2);
	SELECT T.Valor INTO Valor FROM Transacoes AS T WHERE T.id_Transacao = ID;
	RETURN Valor;
END ;;
DELIMITER ;
/*!50003 SET sql_mode              = @saved_sql_mode */ ;
/*!50003 SET character_set_client  = @saved_cs_client */ ;
/*!50003 SET character_set_results = @saved_cs_results */ ;
/*!50003 SET collation_connection  = @saved_col_connection */ ;
/*!50003 DROP PROCEDURE IF EXISTS `Cancelar_Cartao` */;
/*!50003 SET @saved_cs_client      = @@character_set_client */ ;
/*!50003 SET @saved_cs_results     = @@character_set_results */ ;
/*!50003 SET @saved_col_connection = @@collation_connection */ ;
/*!50003 SET character_set_client  = utf8mb4 */ ;
/*!50003 SET character_set_results = utf8mb4 */ ;
/*!50003 SET collation_connection  = utf8mb4_0900_ai_ci */ ;
/*!50003 SET @saved_sql_mode       = @@sql_mode */ ;
/*!50003 SET sql_mode              = 'ONLY_FULL_GROUP_BY,STRICT_TRANS_TABLES,NO_ZERO_IN_DATE,NO_ZERO_DATE,ERROR_FOR_DIVISION_BY_ZERO,NO_ENGINE_SUBSTITUTION' */ ;
DELIMITER ;;
CREATE DEFINER=`dba`@`%` PROCEDURE `Cancelar_Cartao`(Numero VARCHAR(19))
BEGIN
UPDATE Cartoes AS C SET Status = '2'
WHERE C.Numero = Numero;
END ;;
DELIMITER ;
/*!50003 SET sql_mode              = @saved_sql_mode */ ;
/*!50003 SET character_set_client  = @saved_cs_client */ ;
/*!50003 SET character_set_results = @saved_cs_results */ ;
/*!50003 SET collation_connection  = @saved_col_connection */ ;
/*!50003 DROP PROCEDURE IF EXISTS `Desativar_Cliente` */;
/*!50003 SET @saved_cs_client      = @@character_set_client */ ;
/*!50003 SET @saved_cs_results     = @@character_set_results */ ;
/*!50003 SET @saved_col_connection = @@collation_connection */ ;
/*!50003 SET character_set_client  = utf8mb4 */ ;
/*!50003 SET character_set_results = utf8mb4 */ ;
/*!50003 SET collation_connection  = utf8mb4_0900_ai_ci */ ;
/*!50003 SET @saved_sql_mode       = @@sql_mode */ ;
/*!50003 SET sql_mode              = 'ONLY_FULL_GROUP_BY,STRICT_TRANS_TABLES,NO_ZERO_IN_DATE,NO_ZERO_DATE,ERROR_FOR_DIVISION_BY_ZERO,NO_ENGINE_SUBSTITUTION' */ ;
DELIMITER ;;
CREATE DEFINER=`dba`@`%` PROCEDURE `Desativar_Cliente`(CPF VARCHAR(15))
BEGIN
    	UPDATE Clientes AS C SET Ativo = 0
	WHERE C.CPF = CPF;
	END ;;
DELIMITER ;
/*!50003 SET sql_mode              = @saved_sql_mode */ ;
/*!50003 SET character_set_client  = @saved_cs_client */ ;
/*!50003 SET character_set_results = @saved_cs_results */ ;
/*!50003 SET collation_connection  = @saved_col_connection */ ;
/*!50003 DROP PROCEDURE IF EXISTS `desativar_funcionario` */;
/*!50003 SET @saved_cs_client      = @@character_set_client */ ;
/*!50003 SET @saved_cs_results     = @@character_set_results */ ;
/*!50003 SET @saved_col_connection = @@collation_connection */ ;
/*!50003 SET character_set_client  = utf8mb4 */ ;
/*!50003 SET character_set_results = utf8mb4 */ ;
/*!50003 SET collation_connection  = utf8mb4_0900_ai_ci */ ;
/*!50003 SET @saved_sql_mode       = @@sql_mode */ ;
/*!50003 SET sql_mode              = 'ONLY_FULL_GROUP_BY,STRICT_TRANS_TABLES,NO_ZERO_IN_DATE,NO_ZERO_DATE,ERROR_FOR_DIVISION_BY_ZERO,NO_ENGINE_SUBSTITUTION' */ ;
DELIMITER ;;
CREATE DEFINER=`dba`@`%` PROCEDURE `desativar_funcionario`(IN desativar VARCHAR(15))
BEGIN
     update funcionarios set Ativo = 0 where funcionarios.CPF = desativar ;
END ;;
DELIMITER ;
/*!50003 SET sql_mode              = @saved_sql_mode */ ;
/*!50003 SET character_set_client  = @saved_cs_client */ ;
/*!50003 SET character_set_results = @saved_cs_results */ ;
/*!50003 SET collation_connection  = @saved_col_connection */ ;
/*!50003 DROP PROCEDURE IF EXISTS `Encerrar_Conta` */;
/*!50003 SET @saved_cs_client      = @@character_set_client */ ;
/*!50003 SET @saved_cs_results     = @@character_set_results */ ;
/*!50003 SET @saved_col_connection = @@collation_connection */ ;
/*!50003 SET character_set_client  = utf8mb4 */ ;
/*!50003 SET character_set_results = utf8mb4 */ ;
/*!50003 SET collation_connection  = utf8mb4_0900_ai_ci */ ;
/*!50003 SET @saved_sql_mode       = @@sql_mode */ ;
/*!50003 SET sql_mode              = 'ONLY_FULL_GROUP_BY,STRICT_TRANS_TABLES,NO_ZERO_IN_DATE,NO_ZERO_DATE,ERROR_FOR_DIVISION_BY_ZERO,NO_ENGINE_SUBSTITUTION' */ ;
DELIMITER ;;
CREATE DEFINER=`root`@`localhost` PROCEDURE `Encerrar_Conta`(id_Conta INT)
BEGIN 
	UPDATE Contas SET Encerrada = 1
		WHERE Contas.id_Conta = id_Conta;
END ;;
DELIMITER ;
/*!50003 SET sql_mode              = @saved_sql_mode */ ;
/*!50003 SET character_set_client  = @saved_cs_client */ ;
/*!50003 SET character_set_results = @saved_cs_results */ ;
/*!50003 SET collation_connection  = @saved_col_connection */ ;
/*!50003 DROP PROCEDURE IF EXISTS `encerrar_emprestimo` */;
/*!50003 SET @saved_cs_client      = @@character_set_client */ ;
/*!50003 SET @saved_cs_results     = @@character_set_results */ ;
/*!50003 SET @saved_col_connection = @@collation_connection */ ;
/*!50003 SET character_set_client  = utf8mb4 */ ;
/*!50003 SET character_set_results = utf8mb4 */ ;
/*!50003 SET collation_connection  = utf8mb4_0900_ai_ci */ ;
/*!50003 SET @saved_sql_mode       = @@sql_mode */ ;
/*!50003 SET sql_mode              = 'ONLY_FULL_GROUP_BY,STRICT_TRANS_TABLES,NO_ZERO_IN_DATE,NO_ZERO_DATE,ERROR_FOR_DIVISION_BY_ZERO,NO_ENGINE_SUBSTITUTION' */ ;
DELIMITER ;;
CREATE DEFINER=`dba`@`%` PROCEDURE `encerrar_emprestimo`(IN dstv_empre INT)
BEGIN
	 update emprestimos set Status = 6 where id_Emprestimo = dstv_empre ;
END ;;
DELIMITER ;
/*!50003 SET sql_mode              = @saved_sql_mode */ ;
/*!50003 SET character_set_client  = @saved_cs_client */ ;
/*!50003 SET character_set_results = @saved_cs_results */ ;
/*!50003 SET collation_connection  = @saved_col_connection */ ;
/*!50003 DROP PROCEDURE IF EXISTS `encerrar_financiamento` */;
/*!50003 SET @saved_cs_client      = @@character_set_client */ ;
/*!50003 SET @saved_cs_results     = @@character_set_results */ ;
/*!50003 SET @saved_col_connection = @@collation_connection */ ;
/*!50003 SET character_set_client  = utf8mb4 */ ;
/*!50003 SET character_set_results = utf8mb4 */ ;
/*!50003 SET collation_connection  = utf8mb4_0900_ai_ci */ ;
/*!50003 SET @saved_sql_mode       = @@sql_mode */ ;
/*!50003 SET sql_mode              = 'ONLY_FULL_GROUP_BY,STRICT_TRANS_TABLES,NO_ZERO_IN_DATE,NO_ZERO_DATE,ERROR_FOR_DIVISION_BY_ZERO,NO_ENGINE_SUBSTITUTION' */ ;
DELIMITER ;;
CREATE DEFINER=`dba`@`%` PROCEDURE `encerrar_financiamento`(IN idFin INT )
BEGIN 
	UPDATE financiamentos SET status = 6 WHERE id_financiamento = idFin;
END ;;
DELIMITER ;
/*!50003 SET sql_mode              = @saved_sql_mode */ ;
/*!50003 SET character_set_client  = @saved_cs_client */ ;
/*!50003 SET character_set_results = @saved_cs_results */ ;
/*!50003 SET collation_connection  = @saved_col_connection */ ;
/*!50003 DROP PROCEDURE IF EXISTS `obter_maior_saldo` */;
/*!50003 SET @saved_cs_client      = @@character_set_client */ ;
/*!50003 SET @saved_cs_results     = @@character_set_results */ ;
/*!50003 SET @saved_col_connection = @@collation_connection */ ;
/*!50003 SET character_set_client  = utf8mb4 */ ;
/*!50003 SET character_set_results = utf8mb4 */ ;
/*!50003 SET collation_connection  = utf8mb4_0900_ai_ci */ ;
/*!50003 SET @saved_sql_mode       = @@sql_mode */ ;
/*!50003 SET sql_mode              = 'ONLY_FULL_GROUP_BY,STRICT_TRANS_TABLES,NO_ZERO_IN_DATE,NO_ZERO_DATE,ERROR_FOR_DIVISION_BY_ZERO,NO_ENGINE_SUBSTITUTION' */ ;
DELIMITER ;;
CREATE DEFINER=`root`@`localhost` PROCEDURE `obter_maior_saldo`()
BEGIN
    SELECT clientes.Nome, contas.Saldo
    FROM contas
    JOIN clientes ON contas.Cliente = clientes.id_Cliente
    ORDER BY contas.Saldo DESC LIMIT 1;
END ;;
DELIMITER ;
/*!50003 SET sql_mode              = @saved_sql_mode */ ;
/*!50003 SET character_set_client  = @saved_cs_client */ ;
/*!50003 SET character_set_results = @saved_cs_results */ ;
/*!50003 SET collation_connection  = @saved_col_connection */ ;
/*!50003 DROP PROCEDURE IF EXISTS `Transacoes_ID_Cliente` */;
/*!50003 SET @saved_cs_client      = @@character_set_client */ ;
/*!50003 SET @saved_cs_results     = @@character_set_results */ ;
/*!50003 SET @saved_col_connection = @@collation_connection */ ;
/*!50003 SET character_set_client  = utf8mb4 */ ;
/*!50003 SET character_set_results = utf8mb4 */ ;
/*!50003 SET collation_connection  = utf8mb4_0900_ai_ci */ ;
/*!50003 SET @saved_sql_mode       = @@sql_mode */ ;
/*!50003 SET sql_mode              = 'ONLY_FULL_GROUP_BY,STRICT_TRANS_TABLES,NO_ZERO_IN_DATE,NO_ZERO_DATE,ERROR_FOR_DIVISION_BY_ZERO,NO_ENGINE_SUBSTITUTION' */ ;
DELIMITER ;;
CREATE DEFINER=`root`@`localhost` PROCEDURE `Transacoes_ID_Cliente`(ID INT)
BEGIN
	SELECT CL.Nome AS 'Cliente', Conta, id_Transacao AS 'Nº Transação', DATE_FORMAT(Data_Transacao, '%d/%m/%Y %H:%i:%s') AS 'Data', CONCAT('R$ ', Valor) AS Valor, Operacao AS 'Operação', TT.Tipo
		FROM Transacoes AS TR
	JOIN Tipo_Transacao AS TT
		ON TR.Tipo = TT.id_Tipo_Transacao
	JOIN Contas AS CT
		ON TR.Conta = id_Conta
	JOIN Clientes AS CL
		ON CT.Cliente = CL.id_Cliente
	WHERE CL.id_Cliente = ID
		ORDER BY TR.Data_Transacao DESC;
		END ;;
DELIMITER ;
/*!50003 SET sql_mode              = @saved_sql_mode */ ;
/*!50003 SET character_set_client  = @saved_cs_client */ ;
/*!50003 SET character_set_results = @saved_cs_results */ ;
/*!50003 SET collation_connection  = @saved_col_connection */ ;

--
-- Final view structure for view `clientes_ativos`
--

/*!50001 DROP VIEW IF EXISTS `clientes_ativos`*/;
/*!50001 SET @saved_cs_client          = @@character_set_client */;
/*!50001 SET @saved_cs_results         = @@character_set_results */;
/*!50001 SET @saved_col_connection     = @@collation_connection */;
/*!50001 SET character_set_client      = utf8mb4 */;
/*!50001 SET character_set_results     = utf8mb4 */;
/*!50001 SET collation_connection      = utf8mb4_0900_ai_ci */;
/*!50001 CREATE ALGORITHM=UNDEFINED */
/*!50013 DEFINER=`root`@`localhost` SQL SECURITY DEFINER */
/*!50001 VIEW `clientes_ativos` AS select `clientes`.`id_Cliente` AS `id_Cliente`,`clientes`.`Nome` AS `Nome`,`clientes`.`CPF` AS `CPF`,`clientes`.`Telefone` AS `Telefone`,`clientes`.`Email` AS `Email`,`clientes`.`Ativo` AS `Ativo`,`clientes`.`Data_Criacao` AS `Data_Criacao` from `clientes` where (`clientes`.`Ativo` = '1') */;
/*!50001 SET character_set_client      = @saved_cs_client */;
/*!50001 SET character_set_results     = @saved_cs_results */;
/*!50001 SET collation_connection      = @saved_col_connection */;

--
-- Final view structure for view `clientes_inativos`
--

/*!50001 DROP VIEW IF EXISTS `clientes_inativos`*/;
/*!50001 SET @saved_cs_client          = @@character_set_client */;
/*!50001 SET @saved_cs_results         = @@character_set_results */;
/*!50001 SET @saved_col_connection     = @@collation_connection */;
/*!50001 SET character_set_client      = utf8mb4 */;
/*!50001 SET character_set_results     = utf8mb4 */;
/*!50001 SET collation_connection      = utf8mb4_0900_ai_ci */;
/*!50001 CREATE ALGORITHM=UNDEFINED */
/*!50013 DEFINER=`root`@`localhost` SQL SECURITY DEFINER */
/*!50001 VIEW `clientes_inativos` AS select `clientes`.`id_Cliente` AS `id_Cliente`,`clientes`.`Nome` AS `Nome`,`clientes`.`CPF` AS `CPF`,`clientes`.`Telefone` AS `Telefone`,`clientes`.`Email` AS `Email`,`clientes`.`Ativo` AS `Ativo`,`clientes`.`Data_Criacao` AS `Data_Criacao` from `clientes` where (`clientes`.`Ativo` = '0') */;
/*!50001 SET character_set_client      = @saved_cs_client */;
/*!50001 SET character_set_results     = @saved_cs_results */;
/*!50001 SET collation_connection      = @saved_col_connection */;

--
-- Final view structure for view `contas_recentes`
--

/*!50001 DROP VIEW IF EXISTS `contas_recentes`*/;
/*!50001 SET @saved_cs_client          = @@character_set_client */;
/*!50001 SET @saved_cs_results         = @@character_set_results */;
/*!50001 SET @saved_col_connection     = @@collation_connection */;
/*!50001 SET character_set_client      = utf8mb4 */;
/*!50001 SET character_set_results     = utf8mb4 */;
/*!50001 SET collation_connection      = utf8mb4_0900_ai_ci */;
/*!50001 CREATE ALGORITHM=UNDEFINED */
/*!50013 DEFINER=`root`@`localhost` SQL SECURITY DEFINER */
/*!50001 VIEW `contas_recentes` AS select `contas`.`id_Conta` AS `id_Conta`,`clientes`.`Nome` AS `Nome`,`clientes`.`Data_Criacao` AS `Data_Criacao` from (`contas` join `clientes` on((`contas`.`Cliente` = `clientes`.`id_Cliente`))) order by `contas`.`id_Conta` desc limit 10 */;
/*!50001 SET character_set_client      = @saved_cs_client */;
/*!50001 SET character_set_results     = @saved_cs_results */;
/*!50001 SET collation_connection      = @saved_col_connection */;

--
-- Final view structure for view `funcionários_ativos`
--

/*!50001 DROP VIEW IF EXISTS `funcionários_ativos`*/;
/*!50001 SET @saved_cs_client          = @@character_set_client */;
/*!50001 SET @saved_cs_results         = @@character_set_results */;
/*!50001 SET @saved_col_connection     = @@collation_connection */;
/*!50001 SET character_set_client      = utf8mb4 */;
/*!50001 SET character_set_results     = utf8mb4 */;
/*!50001 SET collation_connection      = utf8mb4_0900_ai_ci */;
/*!50001 CREATE ALGORITHM=UNDEFINED */
/*!50013 DEFINER=`root`@`localhost` SQL SECURITY DEFINER */
/*!50001 VIEW `funcionários_ativos` AS select `funcionarios`.`id_Funcionario` AS `id_Funcionario`,`funcionarios`.`Nome` AS `Nome`,`funcionarios`.`CPF` AS `CPF`,`funcionarios`.`Telefone` AS `Telefone`,`funcionarios`.`Email` AS `Email`,`funcionarios`.`Ativo` AS `Ativo`,`funcionarios`.`Data_Criacao` AS `Data_Criacao`,`funcionarios`.`Cargo` AS `Cargo`,`funcionarios`.`Agencia` AS `Agencia` from `funcionarios` where (`funcionarios`.`Ativo` = '1') */;
/*!50001 SET character_set_client      = @saved_cs_client */;
/*!50001 SET character_set_results     = @saved_cs_results */;
/*!50001 SET collation_connection      = @saved_col_connection */;

--
-- Final view structure for view `funcionários_inativos`
--

/*!50001 DROP VIEW IF EXISTS `funcionários_inativos`*/;
/*!50001 SET @saved_cs_client          = @@character_set_client */;
/*!50001 SET @saved_cs_results         = @@character_set_results */;
/*!50001 SET @saved_col_connection     = @@collation_connection */;
/*!50001 SET character_set_client      = utf8mb4 */;
/*!50001 SET character_set_results     = utf8mb4 */;
/*!50001 SET collation_connection      = utf8mb4_0900_ai_ci */;
/*!50001 CREATE ALGORITHM=UNDEFINED */
/*!50013 DEFINER=`root`@`localhost` SQL SECURITY DEFINER */
/*!50001 VIEW `funcionários_inativos` AS select `funcionarios`.`id_Funcionario` AS `id_Funcionario`,`funcionarios`.`Nome` AS `Nome`,`funcionarios`.`CPF` AS `CPF`,`funcionarios`.`Telefone` AS `Telefone`,`funcionarios`.`Email` AS `Email`,`funcionarios`.`Ativo` AS `Ativo`,`funcionarios`.`Data_Criacao` AS `Data_Criacao`,`funcionarios`.`Cargo` AS `Cargo`,`funcionarios`.`Agencia` AS `Agencia` from `funcionarios` where (`funcionarios`.`Ativo` = '0') */;
/*!50001 SET character_set_client      = @saved_cs_client */;
/*!50001 SET character_set_results     = @saved_cs_results */;
/*!50001 SET collation_connection      = @saved_col_connection */;

--
-- Final view structure for view `transacoes_recentes`
--

/*!50001 DROP VIEW IF EXISTS `transacoes_recentes`*/;
/*!50001 SET @saved_cs_client          = @@character_set_client */;
/*!50001 SET @saved_cs_results         = @@character_set_results */;
/*!50001 SET @saved_col_connection     = @@collation_connection */;
/*!50001 SET character_set_client      = utf8mb4 */;
/*!50001 SET character_set_results     = utf8mb4 */;
/*!50001 SET collation_connection      = utf8mb4_0900_ai_ci */;
/*!50001 CREATE ALGORITHM=UNDEFINED */
/*!50013 DEFINER=`root`@`localhost` SQL SECURITY DEFINER */
/*!50001 VIEW `transacoes_recentes` AS select `cl`.`Nome` AS `Cliente`,`ct`.`id_Conta` AS `Nº Conta`,`ct`.`Agencia` AS `Agência`,`tr`.`id_Transacao` AS `Nº`,date_format(`tr`.`Data_Transacao`,'%d/%m/%Y') AS `Data`,concat('R$ ',`tr`.`Valor`) AS `Valor`,`tt`.`Tipo` AS `Tipo` from (((`clientes` `cl` join `contas` `ct` on((`cl`.`id_Cliente` = `ct`.`Cliente`))) join `transacoes` `tr` on((`ct`.`id_Conta` = `tr`.`Conta`))) join `tipo_transacao` `tt` on((`tr`.`Tipo` = `tt`.`id_Tipo_Transacao`))) where (`tr`.`Data_Transacao` between (curdate() - interval 7 day) and curdate()) order by `tr`.`Data_Transacao` desc,`cl`.`Nome` */;
/*!50001 SET character_set_client      = @saved_cs_client */;
/*!50001 SET character_set_results     = @saved_cs_results */;
/*!50001 SET collation_connection      = @saved_col_connection */;
/*!40103 SET TIME_ZONE=@OLD_TIME_ZONE */;

/*!40101 SET SQL_MODE=@OLD_SQL_MODE */;
/*!40014 SET FOREIGN_KEY_CHECKS=@OLD_FOREIGN_KEY_CHECKS */;
/*!40014 SET UNIQUE_CHECKS=@OLD_UNIQUE_CHECKS */;
/*!40101 SET CHARACTER_SET_CLIENT=@OLD_CHARACTER_SET_CLIENT */;
/*!40101 SET CHARACTER_SET_RESULTS=@OLD_CHARACTER_SET_RESULTS */;
/*!40101 SET COLLATION_CONNECTION=@OLD_COLLATION_CONNECTION */;
/*!40111 SET SQL_NOTES=@OLD_SQL_NOTES */;

-- Dump completed on 2024-10-25 19:16:42
